,rs1,rs2,rs3,rs4,rs5
ID1000,0,0,0,0,0
ID1001,0,1,1,1,1
ID1002,0,0,0,1,1
ID1003,0,0,0,0,0
ID1004,0,0,2,2,2
ID1005,0,0,0,0,0
ID1006,0,0,0,0,0
ID1007,0,1,1,0,1
ID1008,0,0,0,0,0
ID1009,0,0,0,0,0
ID1010,0,0,0,1,1
ID1011,0,0,0,1,1
ID1012,0,0,0,1,1
ID1013,0,0,0,0,0
ID1014,0,0,0,0,1
ID1015,0,0,0,0,0
ID1016,0,0,0,0,0
ID1017,0,0,0,1,1
ID1018,0,0,0,0,0
ID1019,0,0,0,1,1
ID1020,0,0,0,0,0
ID1021,0,0,0,0,0
ID1022,0,0,0,0,0
ID1023,0,0,0,0,0
ID1024,0,0,0,0,0
ID1025,0,0,0,0,0
ID1026,0,0,0,0,0
ID1027,0,0,0,1,1
ID1028,0,0,0,0,0
ID1029,0,0,0,0,0
ID1030,0,0,0,2,2
ID1031,0,0,0,0,0
ID1032,-1,-1,0,-1,-1
ID1033,0,0,0,0,1
ID1034,0,0,0,0,0
ID1035,0,0,0,0,0
ID1036,0,0,0,0,0
ID1037,1,0,0,1,1
ID1038,1,0,0,1,1
ID1039,0,0,0,0,0
ID1040,0,0,0,0,0
ID1041,0,0,0,0,0
ID1042,1,0,0,1,1
ID1043,0,0,0,0,0
ID1044,0,0,0,0,0
ID1045,0,0,0,0,0
ID1046,0,1,1,0,1
ID1047,0,1,1,0,1
ID1048,1,1,1,1,1
ID1049,1,1,1,1,1
ID1050,0,0,0,0,0
ID1051,0,0,0,1,1
ID1052,0,0,0,0,0
ID1053,0,0,0,0,1
ID1054,0,0,0,1,1
ID1055,0,0,0,0,0
ID1056,0,0,0,0,0
ID1057,0,0,0,0,0
ID1058,0,0,0,0,0
ID1059,0,0,0,1,1
ID1060,0,0,0,1,1
ID1061,1,0,0,1,1
ID1062,0,0,0,0,0
ID1063,0,0,0,0,0
ID1064,0,0,0,0,0
ID1065,0,0,0,0,0
ID1066,0,0,0,0,0
ID1067,0,0,0,1,1
ID1068,0,0,0,0,0
ID1069,0,0,0,0,0
ID1070,0,0,0,0,1
ID1071,0,0,0,0,0
ID1072,0,0,0,0,0
ID1073,0,0,0,0,0
ID1074,1,0,0,1,1
ID1075,0,0,0,0,0
ID1076,0,0,0,0,0
ID1077,0,0,0,0,0
ID1078,0,0,0,0,0
ID1079,0,0,0,0,0
ID1080,0,0,0,1,1
ID1081,0,0,0,0,0
ID1082,0,0,0,0,0
ID1083,0,0,0,1,1
ID1084,0,0,0,0,0
ID1085,0,0,0,0,0
ID1086,0,0,0,0,0
ID1087,0,0,0,0,0
ID1088,0,0,0,0,0
ID1089,1,0,0,1,1
ID1090,0,0,0,1,1
ID1091,0,0,0,0,0
ID1092,0,0,0,0,0
ID1093,0,0,0,0,0
ID1094,0,1,1,0,1
ID1095,0,0,0,0,0
ID1096,0,0,0,1,1
ID1097,1,0,0,1,1
ID1098,-1,-1,-1,-1,-1
ID1099,0,0,0,0,1
ID1100,0,0,0,0,0
ID1101,0,0,0,0,0
ID1102,0,0,0,0,0
ID1103,-1,-1,-1,-1,-1
ID1104,0,0,0,0,0
ID1105,0,0,0,0,0
ID1106,0,0,0,0,0
ID1107,0,0,0,1,1
ID1108,0,0,0,0,0
ID1109,1,0,0,1,1
ID1110,0,0,0,0,0
ID1111,0,0,0,0,0
ID1112,0,0,0,0,0
ID1113,0,0,0,1,1
ID1114,1,0,0,1,1
ID1115,1,0,0,1,1
ID1116,0,2,2,0,2
ID1117,0,0,0,1,1
ID1118,0,0,0,0,0
ID1119,0,0,0,0,0
ID1120,0,0,0,1,1
ID1121,0,0,0,0,0
ID1122,1,0,0,1,1
ID1123,0,0,0,0,0
ID1124,0,0,0,0,0
ID1125,0,0,0,0,0
ID1126,0,0,-1,0,0
ID1127,0,0,0,0,0
ID1128,0,1,1,0,1
ID1129,0,0,0,0,0
ID1130,0,0,0,0,0
ID1131,0,0,0,0,0
ID1132,0,0,0,2,2
ID1133,0,0,0,0,0
ID1134,0,0,0,0,0
ID1135,1,0,0,1,1
ID1136,1,1,1,1,1
ID1137,0,0,0,1,1
ID1138,0,0,0,0,0
ID1139,0,0,0,0,0
ID1140,0,0,0,0,0
ID1141,0,0,0,0,0
ID1142,0,0,0,0,0
ID1143,1,0,0,1,1
ID1144,0,0,0,0,1
ID1145,2,0,0,2,2
ID1146,0,0,0,0,0
ID1147,0,0,0,0,0
ID1148,0,0,0,0,0
ID1149,0,1,1,0,1
ID1150,0,0,0,0,0
ID1151,0,0,0,0,0
ID1152,0,0,0,1,1
ID1153,0,0,0,0,0
ID1154,0,0,0,0,0
ID1155,0,0,0,0,0
ID1156,0,0,0,0,0
ID1157,-1,-1,-1,-1,-1
ID1158,0,0,0,0,0
ID1159,0,0,0,0,0
ID1160,0,0,0,0,0
ID1161,0,0,0,0,0
ID1162,1,0,0,1,1
ID1163,0,0,0,1,1
ID1164,0,0,0,0,0
ID1165,0,0,0,0,0
ID1166,-1,-1,0,-1,-1
ID1167,0,0,0,0,0
ID1168,0,1,1,0,2
ID1169,0,0,0,1,1
ID1170,0,0,0,1,1
ID1171,0,0,0,0,0
ID1172,0,0,0,0,0
ID1173,0,0,0,0,0
ID1174,0,1,1,0,1
ID1175,-1,-1,-1,0,0
ID1176,0,0,0,0,0
ID1177,0,0,0,0,0
ID1178,0,0,0,0,0
ID1179,0,0,0,0,0
ID1180,2,0,0,2,2
ID1181,0,0,0,0,0
ID1182,1,0,0,1,1
ID1183,0,1,1,0,1
ID1184,2,0,0,2,2
ID1185,0,0,0,0,0
ID1186,0,0,0,0,0
ID1187,1,0,0,1,1
ID1188,1,0,0,1,1
ID1189,0,1,1,0,1
ID1190,0,0,0,1,1
ID1191,0,0,0,0,0
ID1192,1,0,0,1,1
ID1193,1,0,0,1,1
ID1194,0,0,0,0,0
ID1195,0,0,0,0,0
ID1196,0,0,0,0,0
ID1197,0,0,0,0,0
ID1198,0,0,0,1,1
ID1199,-1,-1,0,0,-1
ID1200,0,0,0,1,1
ID1201,0,0,0,0,0
ID1202,1,1,1,1,1
ID1203,0,0,0,0,0
ID1204,0,0,0,0,0
ID1205,0,0,0,0,0
ID1206,1,0,0,1,1
ID1207,0,0,0,0,0
ID1208,0,0,0,0,0
ID1209,0,0,0,0,0
ID1210,0,0,0,0,0
ID1211,0,0,0,0,0
ID1212,0,1,1,0,1
ID1213,1,0,0,1,1
ID1214,0,1,1,0,1
ID1215,0,0,0,0,0
ID1216,0,0,0,0,0
ID1217,0,0,0,0,0
ID1218,0,0,0,0,0
ID1219,0,1,1,0,1
ID1220,1,0,0,1,1
ID1221,0,0,0,0,0
ID1222,0,0,0,0,0
ID1223,0,0,0,0,0
ID1224,0,0,0,0,0
ID1225,0,1,1,0,1
ID1226,0,0,0,0,0
ID1227,2,0,0,2,2
ID1228,0,0,0,1,1
ID1229,0,0,0,0,0
ID1230,0,1,1,0,1
ID1231,0,0,0,0,0
ID1232,1,0,0,2,2
ID1233,0,0,0,0,0
ID1234,0,0,0,0,0
ID1235,0,1,1,0,1
ID1236,0,0,0,0,0
ID1237,0,0,0,0,0
ID1238,0,0,0,0,0
ID1239,0,0,0,0,0
ID1240,0,0,0,0,0
ID1241,-1,-1,-1,0,0
ID1242,0,0,1,1,0
ID1243,0,0,0,0,0
ID1244,0,0,0,0,0
ID1245,0,0,0,0,0
ID1246,0,0,0,0,0
ID1247,0,0,0,0,0
ID1248,-1,-1,-1,-1,-1
ID1249,1,0,0,1,1
ID1250,0,0,0,1,1
ID1251,0,0,0,0,0
ID1252,0,1,1,0,1
ID1253,1,0,0,1,1
ID1254,0,0,0,0,0
ID1255,0,0,0,0,0
ID1256,0,0,0,0,0
ID1257,0,0,-1,0,0
ID1258,0,-1,-1,-1,-1
ID1259,0,0,0,1,1
ID1260,0,0,0,0,0
ID1261,0,0,0,0,0
ID1262,0,0,0,0,0
ID1263,0,0,0,0,0
ID1264,0,0,0,1,1
ID1265,-1,-1,0,-1,-1
ID1266,0,0,0,0,0
ID1267,0,0,0,0,0
ID1268,0,1,1,0,1
ID1269,0,0,0,0,0
ID1270,-1,-1,-1,-1,-1
ID1271,1,0,0,1,1
ID1272,0,0,0,0,0
ID1273,0,0,0,0,0
ID1274,0,0,0,0,0
ID1275,-1,-1,0,-1,-1
ID1276,0,0,0,0,0
ID1277,0,0,0,0,0
ID1278,0,0,0,0,0
ID1279,1,1,1,1,1
ID1280,1,0,0,1,1
ID1281,0,0,0,0,0
ID1282,0,1,1,0,1
ID1283,0,0,0,0,0
ID1284,0,0,0,0,0
ID1285,0,0,0,0,0
ID1286,0,0,0,0,0
ID1287,0,1,1,0,1
ID1288,0,0,0,0,0
ID1289,0,0,0,0,0
ID1290,0,0,0,0,0
ID1291,0,0,0,0,0
ID1292,0,0,0,1,1
