,rs7252798,rs61037485,rs35717293,rs71309635,rs55704964,rs77660718,rs188012944,rs1469289,rs7699519,rs4338909,rs139184593,rs6511291,rs28888538,rs151212648,rs28453237,rs56168029,rs4472162,rs4394214,rs7694971,rs1469290
ID1000,0,0,0,0,0,0,1,1,1,0,1,0,1,1,1,0,1,1,1,1
ID1001,1,1,1,1,0,0,0,0,0,1,0,1,0,0,0,1,0,1,0,0
ID1002,0,0,0,0,0,0,1,1,1,0,1,0,1,1,1,0,1,1,1,1
ID1003,1,1,1,1,0,0,0,0,0,1,0,1,0,0,0,1,0,1,0,0
ID1004,2,2,2,2,0,0,1,1,1,2,1,2,1,1,1,2,1,0,1,1
ID1005,0,0,0,0,0,0,0,0,0,0,0,0,0,0,0,0,0,1,0,0
ID1006,1,1,1,1,0,0,1,1,1,1,1,1,1,1,1,1,1,0,1,1
ID1007,1,1,1,1,0,0,2,2,2,1,2,1,2,2,2,1,2,0,2,2
ID1008,2,2,2,2,0,0,1,1,1,2,1,2,1,1,1,2,1,0,1,1
ID1009,1,1,1,1,0,0,2,2,2,1,2,1,2,2,2,1,2,1,2,2
ID1010,1,1,1,1,0,0,0,0,0,1,0,1,0,0,0,1,0,0,0,0
ID1011,1,1,1,1,0,0,0,0,0,1,0,1,0,0,0,1,0,1,0,0
ID1012,1,1,1,1,1,1,0,0,0,1,0,1,0,0,0,1,0,0,0,0
ID1013,1,1,1,1,0,0,1,1,1,1,1,1,1,1,1,1,1,1,1,1
ID1014,1,1,1,1,0,0,0,0,0,1,0,1,0,0,0,1,0,0,0,0
ID1015,0,0,0,0,0,0,1,1,1,0,1,0,1,1,1,0,1,0,1,1
ID1016,1,1,1,1,0,0,2,2,2,1,2,1,2,2,2,1,2,0,2,2
ID1017,0,0,0,0,0,0,1,1,1,0,1,0,1,1,1,0,1,1,1,1
ID1018,1,1,1,1,0,0,1,1,1,1,1,1,1,1,1,1,1,0,1,1
ID1019,2,2,2,2,0,0,1,1,1,2,1,2,1,1,1,2,1,1,1,1
ID1020,1,1,1,1,0,0,1,1,1,1,1,1,1,1,1,1,1,1,1,1
ID1021,0,0,0,0,0,0,0,0,0,0,0,0,0,0,0,0,0,0,0,0
ID1022,1,1,1,1,0,0,1,1,1,1,1,1,1,1,1,1,1,0,1,1
ID1023,1,1,1,1,0,0,0,0,0,1,0,1,0,0,0,1,0,0,0,0
ID1024,1,1,1,1,0,0,1,1,1,1,1,1,1,1,1,1,1,0,1,1
ID1025,0,0,0,0,1,1,1,1,1,0,1,0,1,1,1,0,1,0,1,1
ID1026,1,1,1,1,0,0,1,1,1,1,1,1,1,1,1,1,1,1,1,1
ID1027,2,2,2,2,0,0,0,0,0,2,0,2,0,0,0,2,0,0,0,0
ID1028,1,1,1,1,0,0,1,1,1,1,1,1,1,1,1,1,1,0,1,1
ID1029,1,1,1,1,0,0,0,0,0,1,0,1,0,0,0,1,0,0,0,0
ID1030,2,2,2,2,0,0,0,0,0,2,0,2,0,0,0,2,0,2,0,0
ID1031,1,1,1,1,0,0,0,0,0,1,0,1,0,0,0,1,0,1,0,0
ID1032,1,1,1,1,0,0,0,0,0,1,0,1,0,0,0,1,0,1,0,0
ID1033,0,0,0,0,0,0,0,0,0,0,0,0,0,0,0,0,0,0,0,0
ID1034,0,0,0,0,0,0,2,2,2,0,2,0,2,2,2,0,2,1,2,2
ID1035,2,2,2,2,0,0,2,2,2,2,2,2,2,2,2,2,2,0,2,2
ID1036,1,1,1,1,0,0,1,1,1,1,1,1,1,1,1,1,1,1,1,1
ID1037,0,0,0,0,0,0,0,0,0,0,0,0,0,0,0,0,0,1,0,0
ID1038,0,0,0,0,0,0,1,1,1,0,1,0,1,1,1,0,1,0,1,1
ID1039,0,0,0,0,0,0,2,2,2,0,2,0,2,2,2,0,2,0,2,2
ID1040,0,0,0,0,1,1,0,0,0,0,0,0,0,0,0,0,0,0,0,0
ID1041,0,0,0,0,0,0,2,2,2,0,2,0,2,2,2,0,2,0,2,2
ID1042,0,0,0,0,0,0,0,0,0,0,0,0,0,0,0,0,0,1,0,0
ID1043,1,1,1,1,0,0,2,2,2,1,2,1,2,2,2,1,2,0,2,2
ID1044,1,1,1,1,0,0,1,1,1,1,1,1,1,1,1,1,1,0,1,1
ID1045,0,0,0,0,2,2,0,0,0,0,0,0,0,0,0,0,0,2,0,0
ID1046,1,1,1,1,0,0,2,2,2,1,2,1,2,2,2,1,2,0,2,2
ID1047,0,0,0,0,0,0,2,2,2,0,2,0,2,2,2,0,2,1,2,2
ID1048,0,0,0,0,0,0,1,1,1,0,1,0,1,1,1,0,1,2,1,1
ID1049,0,0,0,0,1,1,0,0,0,0,0,0,0,0,0,0,0,0,0,0
ID1050,1,1,1,1,0,0,1,1,1,1,1,1,1,1,1,1,1,2,1,1
ID1051,2,2,2,2,0,0,0,0,0,2,0,2,0,0,0,2,0,0,0,0
ID1052,2,2,2,2,0,0,1,1,1,2,1,2,1,1,1,2,1,1,1,1
ID1053,1,1,1,1,0,0,1,1,1,1,1,1,1,1,1,1,1,0,1,1
ID1054,1,1,1,1,0,0,1,1,1,1,1,1,1,1,1,1,1,0,1,1
ID1055,1,1,1,1,0,0,0,0,0,1,0,1,0,0,0,1,0,0,0,0
ID1056,1,1,1,1,0,0,1,1,2,1,1,1,1,2,1,1,1,0,1,2
ID1057,2,2,2,2,0,0,0,0,0,2,0,2,0,0,0,2,0,1,0,0
ID1058,0,0,0,0,0,0,0,0,0,0,0,0,0,0,0,0,0,0,0,0
ID1059,2,2,2,2,0,0,1,1,1,2,1,2,1,1,1,2,1,0,1,1
ID1060,1,1,1,1,0,0,0,0,0,1,0,1,0,0,0,1,0,1,0,0
ID1061,0,0,0,0,0,0,1,1,1,0,1,0,1,1,1,0,1,1,1,1
ID1062,0,0,0,0,0,0,1,1,1,0,1,0,1,1,1,0,1,1,1,1
ID1063,1,1,1,1,0,0,2,2,2,1,2,1,2,2,2,1,2,0,2,2
ID1064,1,1,1,1,0,0,1,1,1,1,1,1,1,1,1,1,1,0,1,1
ID1065,2,2,2,2,0,0,1,1,1,2,1,2,1,1,1,2,1,1,1,1
ID1066,0,0,0,0,0,0,2,2,2,0,2,0,2,2,2,0,2,1,2,2
ID1067,0,0,0,0,0,0,1,1,1,0,1,0,1,1,1,0,1,0,1,1
ID1068,2,2,2,2,0,0,1,1,1,2,1,2,1,1,1,2,1,1,1,1
ID1069,1,1,1,1,1,1,1,1,1,1,1,1,1,1,1,1,1,0,1,1
ID1070,0,0,0,0,0,0,0,0,0,0,0,0,0,0,0,0,0,1,0,0
ID1071,0,0,0,0,0,0,1,1,1,0,1,0,1,1,1,0,1,0,1,1
ID1072,1,1,1,1,0,0,0,0,0,1,0,1,0,0,0,1,0,0,0,0
ID1073,2,2,2,2,0,0,0,0,0,2,0,2,0,0,0,2,0,0,0,0
ID1074,2,2,2,2,0,0,2,2,2,2,2,2,2,2,2,2,2,0,2,2
ID1075,1,2,2,2,1,1,2,2,2,2,2,2,2,2,2,2,2,1,2,2
ID1076,0,0,0,0,0,0,0,0,0,0,0,0,0,0,0,0,0,0,0,0
ID1077,0,0,0,0,0,0,1,1,1,0,1,0,1,1,1,0,1,0,1,1
ID1078,1,1,1,1,0,0,1,1,1,1,1,1,1,1,1,1,1,0,1,1
ID1079,1,1,1,1,0,0,0,0,0,1,0,1,0,0,0,1,0,0,0,0
ID1080,1,1,1,1,0,0,0,0,0,1,0,1,0,0,0,1,0,0,0,0
ID1081,0,0,0,0,0,0,0,0,0,0,0,0,0,0,0,0,0,0,0,0
ID1082,0,0,0,0,1,1,0,0,0,0,0,0,0,0,0,0,0,1,0,0
ID1083,1,1,1,1,1,1,1,1,1,1,1,1,1,1,1,1,1,0,1,1
ID1084,0,0,0,0,0,0,2,2,2,0,2,0,2,2,2,0,2,0,2,2
ID1085,1,1,1,1,0,0,1,1,1,1,1,1,1,1,1,1,1,0,1,1
ID1086,0,0,0,0,0,0,1,1,1,0,1,0,1,1,1,0,1,0,1,1
ID1087,0,0,0,0,0,0,1,1,1,0,1,0,1,1,1,0,1,0,1,1
ID1088,0,0,0,0,0,0,0,0,0,0,0,0,0,0,0,0,0,0,0,0
ID1089,1,1,1,1,0,0,1,1,1,1,1,1,1,1,1,1,1,0,1,1
ID1090,0,0,0,0,1,1,2,2,2,0,2,0,2,2,2,0,2,1,2,2
ID1091,0,0,0,0,0,0,1,1,1,0,1,0,1,1,1,0,1,0,1,1
ID1092,2,2,2,2,1,1,1,1,1,2,1,2,1,1,1,2,1,1,1,1
ID1093,1,1,1,1,0,0,1,1,1,1,1,1,1,1,1,1,1,1,1,1
ID1094,1,1,1,1,0,0,0,0,0,1,0,1,0,0,0,1,0,0,0,0
ID1095,2,2,2,2,0,0,1,1,1,2,1,2,1,1,1,2,1,0,1,1
ID1096,1,1,1,1,0,0,2,2,2,1,2,1,2,2,2,1,2,1,2,2
ID1097,1,1,1,1,0,0,2,2,2,1,2,1,2,2,2,1,2,0,2,2
ID1098,0,0,0,0,1,1,0,0,0,0,0,0,0,0,0,0,0,0,0,0
ID1099,2,2,2,2,0,0,0,0,0,2,0,2,0,0,0,2,0,0,0,0
ID1100,2,2,2,2,1,1,0,0,0,2,0,2,0,0,0,2,0,0,0,0
ID1101,1,1,1,1,0,0,2,2,2,1,2,1,2,2,2,1,2,0,2,2
ID1102,1,1,1,1,0,0,0,0,0,1,0,1,0,0,0,1,0,0,0,0
ID1103,0,0,0,0,0,0,1,1,1,0,1,0,1,1,1,0,1,1,1,1
ID1104,2,2,2,2,0,0,1,0,1,2,1,2,1,1,0,2,0,1,0,1
ID1105,1,1,1,1,0,0,1,1,1,1,1,1,1,1,1,1,1,0,1,1
ID1106,0,0,0,0,0,0,2,2,2,0,2,0,2,2,2,0,2,0,2,2
ID1107,1,1,1,1,0,0,2,2,2,1,2,1,2,2,2,1,2,0,2,2
ID1108,2,2,2,2,0,0,0,0,0,2,0,2,0,0,0,2,0,0,0,0
ID1109,1,1,1,1,0,0,0,0,0,1,0,1,0,0,0,1,0,1,0,0
ID1110,0,0,0,0,0,0,2,2,2,0,2,0,2,2,2,0,2,2,2,2
ID1111,1,1,1,1,0,0,0,0,0,1,0,1,0,0,0,1,0,0,0,0
ID1112,0,0,0,0,0,0,0,0,0,0,0,0,0,0,0,0,0,0,0,0
ID1113,0,0,0,0,0,0,1,1,1,0,1,0,1,1,1,0,1,0,1,1
ID1114,0,0,0,0,0,0,1,1,1,0,1,0,1,1,1,0,1,0,1,1
ID1115,1,1,1,1,1,1,1,1,1,1,1,1,1,1,1,1,1,0,1,1
ID1116,0,0,0,0,0,0,1,1,1,0,1,0,1,1,1,0,1,1,1,1
ID1117,2,2,2,2,0,0,1,1,1,2,1,2,1,1,1,2,1,1,1,1
ID1118,0,0,0,0,1,1,1,1,1,0,1,0,1,1,1,0,1,0,1,1
ID1119,0,0,0,0,1,1,0,0,0,0,0,0,0,0,0,0,0,0,0,0
ID1120,1,1,0,0,0,0,0,0,0,0,0,0,0,0,0,0,0,0,0,0
ID1121,1,1,1,1,0,0,2,2,2,1,2,1,2,2,2,1,2,1,2,2
ID1122,0,0,0,0,0,0,0,0,0,0,0,0,0,0,0,0,0,1,0,0
ID1123,1,1,1,1,0,0,1,1,1,1,1,1,1,1,1,1,1,0,1,1
ID1124,1,1,1,1,0,0,0,0,0,1,0,1,0,0,0,1,0,0,0,0
ID1125,0,0,0,0,0,0,1,1,1,0,1,1,1,1,1,0,1,1,1,1
ID1126,1,1,1,1,0,0,2,2,2,1,2,1,2,2,2,1,2,1,2,2
ID1127,2,2,2,2,0,0,1,1,1,2,1,2,1,1,1,2,1,1,1,1
ID1128,1,1,1,1,1,1,1,1,1,1,1,1,1,1,1,1,1,0,1,1
ID1129,1,1,1,1,1,1,2,1,2,1,2,1,2,2,2,1,1,1,1,1
ID1130,1,1,1,1,0,0,0,0,0,1,0,1,0,0,0,1,0,0,0,0
ID1131,0,0,0,0,0,0,2,2,2,0,2,0,2,2,2,0,2,1,2,2
ID1132,2,2,2,2,0,0,0,0,0,2,0,2,0,0,0,2,0,1,0,0
ID1133,1,1,1,1,0,0,2,2,2,1,2,1,2,2,2,1,2,0,2,2
ID1134,2,2,2,2,0,0,0,0,0,2,0,2,0,0,0,2,0,1,0,0
ID1135,2,2,2,2,0,0,0,0,1,2,0,2,0,0,0,2,0,1,0,0
ID1136,1,1,1,1,0,0,0,0,0,1,0,1,0,0,0,1,0,1,0,0
ID1137,0,0,0,0,0,0,1,1,1,0,1,0,1,1,1,0,1,0,1,1
ID1138,0,0,0,0,0,0,1,1,1,0,1,0,1,1,1,0,1,1,1,1
ID1139,0,1,1,0,0,0,1,1,1,1,1,0,1,1,1,1,1,1,1,1
ID1140,2,2,2,2,0,0,1,1,1,2,1,2,1,1,1,2,1,0,1,1
ID1141,1,1,1,1,1,1,0,0,0,1,0,1,0,0,0,1,0,0,0,0
ID1142,2,2,2,2,0,0,1,1,1,2,1,2,1,1,1,2,1,0,1,1
ID1143,0,0,0,0,0,0,0,0,0,0,0,0,0,0,0,0,0,0,0,0
ID1144,0,0,0,0,0,0,1,1,1,0,1,0,1,1,1,0,1,1,1,1
ID1145,0,0,0,0,0,0,2,1,1,0,2,0,2,2,2,0,1,0,1,1
ID1146,0,0,0,0,0,0,0,0,0,0,0,0,0,0,0,0,0,1,0,0
ID1147,1,1,1,1,0,0,1,1,1,1,1,1,1,1,1,1,1,1,1,1
ID1148,1,1,1,1,1,1,1,1,1,1,1,1,1,1,1,1,1,0,1,1
ID1149,1,1,1,1,0,0,0,0,0,1,0,1,0,0,0,1,0,1,0,0
ID1150,0,0,0,0,0,0,0,0,0,0,0,0,0,0,0,0,0,1,0,0
ID1151,2,2,2,2,0,0,0,0,0,2,0,2,0,0,0,2,0,1,0,0
ID1152,2,2,2,2,1,1,1,1,1,2,1,2,1,1,1,2,1,0,1,1
ID1153,1,1,1,1,1,1,2,2,2,1,2,1,2,2,2,1,2,1,2,2
ID1154,1,1,1,1,1,1,1,1,1,1,1,1,1,1,1,1,1,2,1,1
ID1155,2,2,2,2,0,0,0,0,0,2,0,2,0,0,0,2,0,1,0,0
ID1156,2,2,2,2,0,0,2,2,2,2,2,2,2,2,2,2,2,0,2,2
ID1157,0,0,0,0,0,0,1,1,1,0,1,0,1,1,1,0,1,0,1,1
ID1158,2,2,2,2,0,0,1,1,1,2,1,2,1,1,1,2,1,1,1,1
ID1159,1,1,1,1,0,0,2,2,2,1,2,1,2,2,2,1,2,0,2,2
ID1160,0,0,0,0,0,0,1,1,1,0,1,0,1,1,1,0,1,0,1,1
ID1161,2,2,2,2,1,1,1,1,1,2,1,2,1,1,1,2,1,1,1,1
ID1162,1,1,1,1,0,0,0,0,0,1,0,1,0,0,0,1,0,0,0,0
ID1163,2,2,1,1,0,0,0,0,1,1,0,1,0,1,0,1,0,0,0,1
ID1164,0,0,0,0,0,0,1,1,1,0,1,0,1,1,1,0,1,1,1,1
ID1165,1,1,1,1,0,0,1,1,1,1,1,1,1,1,1,1,1,1,1,1
ID1166,2,2,2,2,0,0,0,0,0,2,0,2,0,0,0,2,0,1,0,0
ID1167,2,2,2,2,0,0,0,0,0,2,0,2,0,0,0,2,0,0,0,0
ID1168,1,1,1,1,0,0,1,1,1,1,1,1,1,1,1,1,1,0,1,1
ID1169,0,0,0,0,0,0,1,1,1,0,1,0,1,1,1,0,1,1,1,1
ID1170,1,1,1,1,0,0,2,2,2,1,2,1,2,2,2,1,2,0,2,2
ID1171,1,1,1,1,1,1,1,1,1,1,1,1,1,1,1,1,1,0,1,1
ID1172,1,1,1,1,0,0,1,1,1,1,1,1,1,1,1,1,1,0,1,1
ID1173,1,1,1,1,0,0,1,1,1,1,1,1,1,1,1,1,1,0,1,1
ID1174,1,1,1,1,0,0,0,0,0,1,0,1,0,0,0,1,0,0,0,0
ID1175,1,1,1,1,0,0,0,0,0,1,0,1,0,0,0,1,0,1,0,0
ID1176,0,0,0,0,0,0,2,2,2,0,2,0,2,2,2,0,2,0,2,2
ID1177,1,1,1,1,0,0,0,0,1,1,0,1,0,1,0,1,0,0,0,1
ID1178,1,1,1,1,1,1,1,1,1,1,1,1,1,1,1,1,1,1,1,1
ID1179,0,0,0,0,1,1,2,2,2,0,2,0,2,2,2,0,2,0,2,2
ID1180,1,1,1,1,0,0,0,0,0,1,0,1,0,0,0,1,0,1,0,0
ID1181,0,0,0,0,1,1,0,0,0,0,0,0,0,0,0,0,0,1,0,0
ID1182,0,0,0,0,1,1,1,1,1,0,1,0,1,1,1,0,1,1,1,1
ID1183,0,0,0,0,0,0,1,1,1,0,1,0,1,1,1,0,1,1,1,1
ID1184,0,0,0,0,0,0,2,2,2,0,2,0,2,2,2,0,2,1,2,2
ID1185,0,0,0,0,0,0,1,1,1,0,1,0,1,1,1,0,1,0,1,1
ID1186,1,1,1,1,1,1,1,1,1,1,1,1,1,1,1,1,1,0,1,1
ID1187,2,2,2,2,0,0,2,2,2,2,2,2,2,2,2,2,2,2,2,2
ID1188,0,0,0,0,0,0,0,0,0,0,0,0,0,0,0,0,0,1,0,0
ID1189,0,0,0,0,0,0,1,1,1,0,1,0,1,1,1,1,1,0,1,1
ID1190,2,2,2,2,0,0,0,0,0,2,0,2,0,0,0,2,0,0,0,0
ID1191,2,2,2,2,0,0,0,0,0,2,0,2,0,0,0,2,0,1,0,0
ID1192,1,1,1,1,0,0,1,1,1,1,1,1,1,1,1,1,1,0,1,1
ID1193,0,0,0,0,0,0,2,2,2,0,2,0,2,2,2,0,2,1,2,2
ID1194,1,1,1,1,0,0,0,0,0,1,0,1,0,0,0,1,0,1,0,0
ID1195,0,0,0,0,0,0,0,0,0,0,0,0,0,0,0,0,0,0,0,0
ID1196,1,1,1,1,0,0,1,1,1,1,1,1,1,1,1,1,1,1,1,1
ID1197,0,0,0,0,0,0,0,0,0,0,0,0,0,0,0,0,0,0,0,0
ID1198,1,1,1,1,0,0,1,1,1,1,1,1,1,1,1,1,1,0,1,1
ID1199,0,0,0,0,0,0,2,2,2,0,2,0,2,2,2,0,2,0,2,2
ID1200,0,0,0,0,1,1,1,1,1,0,1,0,1,1,1,0,1,0,1,1
ID1201,1,1,1,1,0,0,0,0,0,1,0,1,0,0,0,1,0,0,0,0
ID1202,1,1,1,1,0,0,0,0,0,1,0,1,0,0,0,1,0,1,0,0
ID1203,2,2,2,2,0,0,0,0,0,2,0,2,0,0,0,2,0,1,0,0
ID1204,1,1,1,1,0,0,1,1,1,1,1,1,1,1,1,1,1,0,1,1
ID1205,1,1,1,1,0,0,0,0,0,1,0,1,0,0,0,1,0,0,0,0
ID1206,2,2,2,2,0,0,1,1,1,2,1,2,1,1,1,2,1,1,1,1
ID1207,1,1,1,1,0,0,0,0,0,1,0,1,0,0,0,1,0,0,0,0
ID1208,1,1,1,1,0,0,0,0,0,1,0,1,0,0,1,1,0,0,0,0
ID1209,0,0,0,0,0,0,0,0,0,0,0,0,0,0,0,0,0,0,0,0
ID1210,0,0,0,0,0,0,1,1,1,0,1,0,1,1,1,0,1,1,1,1
ID1211,1,1,1,1,1,1,2,2,2,1,2,1,2,2,2,1,2,0,2,2
ID1212,2,2,2,2,0,0,0,0,0,2,0,2,0,0,0,2,0,2,0,0
ID1213,1,1,1,1,0,0,2,2,2,1,2,1,2,2,2,1,2,1,2,2
ID1214,1,1,1,1,0,0,1,1,1,1,1,1,1,1,1,1,1,0,1,1
ID1215,2,2,2,2,0,0,0,0,0,2,0,2,0,0,0,2,0,0,0,0
ID1216,1,1,1,1,0,0,0,0,0,1,0,1,0,0,0,1,0,0,0,0
ID1217,1,1,1,1,0,0,0,0,0,1,0,1,0,0,0,1,0,1,0,0
ID1218,1,1,1,1,0,0,1,1,1,1,1,1,1,1,1,1,1,1,1,1
ID1219,1,1,1,1,0,0,2,2,2,1,2,1,2,2,2,1,2,1,2,2
ID1220,1,1,1,1,0,0,1,1,1,1,1,1,1,1,1,1,1,1,1,1
ID1221,0,0,0,0,0,0,1,1,1,0,1,0,1,1,1,0,1,0,1,1
ID1222,1,1,1,1,0,0,1,1,1,1,1,1,1,1,1,1,1,0,1,1
ID1223,1,1,1,1,0,0,1,1,1,1,1,1,1,1,1,1,1,0,1,1
ID1224,1,1,1,1,0,0,0,0,0,1,0,1,0,0,0,1,0,2,0,0
ID1225,0,0,0,0,0,0,1,1,1,0,1,0,1,1,1,0,1,1,1,1
ID1226,2,2,2,2,0,0,0,0,0,2,0,1,0,0,0,1,0,1,0,0
ID1227,2,2,2,1,0,0,1,1,1,2,1,2,1,1,1,2,1,1,1,1
ID1228,1,1,1,1,0,0,0,0,0,1,0,1,0,0,0,1,0,0,0,0
ID1229,0,0,0,0,0,0,0,0,0,0,0,0,0,0,0,0,0,0,0,0
ID1230,2,2,2,2,0,0,1,1,1,2,1,2,1,1,1,2,1,0,1,1
ID1231,1,1,1,1,0,0,2,2,2,1,2,1,2,2,2,1,2,0,2,2
ID1232,2,2,2,2,0,0,0,0,0,2,0,2,0,0,0,2,0,0,0,0
ID1233,2,2,2,2,0,0,2,2,2,2,2,2,2,2,2,2,2,0,2,2
ID1234,0,0,0,0,1,1,0,0,0,0,0,0,0,0,0,0,0,1,0,0
ID1235,1,1,1,1,0,0,0,0,0,1,0,1,0,0,0,1,0,0,0,0
ID1236,0,0,0,0,0,0,2,2,2,0,2,0,2,2,2,0,2,1,2,2
ID1237,1,1,1,1,0,0,0,0,0,1,0,1,0,0,0,1,0,1,0,0
ID1238,0,0,0,0,1,1,1,1,1,0,1,0,1,1,1,0,1,0,1,1
ID1239,0,0,0,0,0,0,0,0,0,0,0,0,0,0,0,0,0,0,0,0
ID1240,1,1,1,1,0,0,1,1,1,1,1,1,1,1,1,1,1,0,1,1
ID1241,1,1,1,1,0,0,1,1,1,1,1,1,1,1,1,1,1,1,1,1
ID1242,0,0,0,0,0,0,0,0,0,0,0,1,0,0,0,0,0,1,0,0
ID1243,1,1,1,1,0,0,1,1,1,1,1,1,1,1,1,1,1,0,1,1
ID1244,1,1,1,1,0,0,1,1,1,1,1,1,1,1,1,1,1,1,1,1
ID1245,2,2,2,1,0,0,2,2,2,2,2,2,2,2,2,2,2,0,2,2
ID1246,1,1,1,1,0,0,0,0,0,1,0,1,0,0,0,1,0,0,0,0
ID1247,1,2,2,2,0,0,1,1,1,2,1,2,1,1,1,2,1,0,1,1
ID1248,1,1,0,1,0,0,0,0,0,0,0,0,0,0,0,0,0,2,0,0
ID1249,0,0,0,0,0,0,1,1,1,0,1,0,1,1,1,0,1,1,1,1
ID1250,1,1,1,1,0,0,2,2,2,1,2,1,2,2,2,1,2,1,2,2
ID1251,1,1,1,1,0,0,2,2,2,1,2,1,2,2,2,1,2,2,2,2
ID1252,1,1,1,1,0,0,0,0,0,1,0,1,0,0,0,1,0,1,0,0
ID1253,1,1,1,1,0,0,2,2,2,0,2,1,2,2,2,1,2,1,2,2
ID1254,1,1,1,1,0,0,0,0,0,1,0,1,0,0,0,1,0,0,0,0
ID1255,1,1,1,1,1,1,1,1,1,1,1,1,1,1,1,1,1,1,1,1
ID1256,0,0,0,0,1,1,1,1,1,0,1,0,1,1,1,0,1,1,1,1
ID1257,1,1,1,1,1,1,0,0,1,1,0,1,0,1,0,1,0,0,0,1
ID1258,1,1,1,1,1,1,1,1,1,1,1,1,1,1,1,1,1,0,1,1
ID1259,0,0,0,0,0,0,1,1,1,0,1,0,1,1,1,0,1,2,1,1
ID1260,0,0,0,0,1,1,1,1,1,0,1,0,1,1,1,0,1,0,1,1
ID1261,0,0,0,0,0,0,1,1,1,0,1,0,1,1,1,0,1,1,1,1
ID1262,1,1,1,1,0,0,0,0,0,1,0,1,0,0,0,1,0,0,0,0
ID1263,1,1,1,1,0,0,1,1,1,1,1,1,1,1,1,2,1,1,1,1
ID1264,2,2,2,2,0,0,1,1,1,2,1,2,1,1,1,2,1,1,1,1
ID1265,1,1,1,1,0,0,0,0,0,1,0,1,0,0,0,1,0,0,0,0
ID1266,1,1,1,1,0,0,0,0,0,1,0,1,0,0,0,1,0,0,0,0
ID1267,0,0,0,0,1,1,1,1,1,0,1,0,1,1,1,0,1,0,1,1
ID1268,1,1,1,1,0,0,0,0,0,1,0,1,0,0,0,1,0,1,0,0
ID1269,1,1,1,1,1,1,1,0,0,1,1,1,0,1,1,1,0,2,0,0
ID1270,2,2,2,2,0,0,0,0,0,2,0,2,0,0,0,2,0,1,0,0
ID1271,1,1,1,1,0,0,1,1,1,1,1,1,1,1,1,1,1,0,1,1
ID1272,0,0,0,0,1,1,0,0,0,0,0,0,0,0,0,0,0,1,0,0
ID1273,1,1,1,1,0,0,0,0,0,1,0,1,0,0,0,1,0,0,0,0
ID1274,0,0,0,0,0,0,1,1,1,0,1,0,1,1,1,0,1,2,1,1
ID1275,0,0,0,0,0,0,0,0,0,0,0,0,0,0,0,0,0,0,0,0
ID1276,1,1,1,1,0,0,0,0,0,1,0,1,0,0,0,1,0,0,0,0
ID1277,0,0,0,0,0,0,0,0,0,0,0,0,0,0,0,0,0,0,0,0
ID1278,2,2,2,2,0,0,1,1,1,2,1,2,1,1,1,2,1,1,1,1
ID1279,1,1,1,1,0,0,1,1,1,1,1,1,1,1,1,1,1,0,1,1
ID1280,1,1,1,1,0,0,1,1,1,1,1,1,1,1,1,1,1,0,1,1
ID1281,1,1,1,1,0,0,2,2,2,1,2,1,2,2,2,1,2,0,2,2
ID1282,2,2,2,2,0,0,0,0,0,2,0,2,0,0,0,2,0,0,0,0
ID1283,0,0,0,0,1,1,0,0,0,0,0,0,0,0,0,0,0,1,0,0
ID1284,1,1,1,1,0,0,1,1,1,1,1,1,1,1,1,1,1,0,1,1
ID1285,0,0,0,0,0,0,1,1,1,0,1,0,1,1,1,0,1,0,1,1
ID1286,1,1,1,1,0,0,0,0,0,1,0,1,0,0,0,1,0,1,0,0
ID1287,0,0,0,0,1,1,1,1,1,0,1,0,1,1,1,0,1,0,1,1
ID1288,0,0,0,0,0,0,1,1,1,0,1,0,1,1,1,0,1,0,1,1
ID1289,1,1,1,1,0,0,1,1,1,1,1,1,1,1,1,1,1,0,1,1
ID1290,2,2,2,2,0,0,0,0,0,2,0,2,0,0,0,2,0,1,0,0
ID1291,0,0,0,0,0,0,0,0,0,0,0,0,0,0,0,0,0,0,0,0
ID1292,1,1,1,1,0,0,1,1,1,1,1,1,1,1,1,1,1,0,1,1
ID1293,2,2,2,2,0,0,1,1,1,2,1,2,1,1,1,2,1,0,1,1
ID1294,0,0,0,0,0,0,2,2,2,0,2,0,2,2,2,0,2,0,2,2
ID1295,0,0,0,0,1,1,1,1,1,0,1,0,1,1,1,0,1,0,1,1
ID1296,1,1,1,1,1,1,0,0,0,1,0,1,0,0,0,1,0,0,0,0
ID1297,0,0,0,0,0,0,2,2,2,0,2,0,2,2,2,0,2,0,2,2
ID1298,0,0,0,0,2,2,1,1,1,0,1,0,1,1,1,0,1,1,1,1
ID1299,2,2,2,2,0,0,1,1,1,2,1,2,1,1,1,2,1,1,1,1
ID1300,1,1,1,1,0,0,1,1,1,1,1,1,1,1,1,1,1,0,1,1
ID1301,0,0,0,0,0,0,0,0,0,0,0,1,0,0,0,1,0,2,0,0
ID1302,1,1,1,1,0,0,0,0,0,1,0,1,0,0,0,1,0,0,0,0
ID1303,0,0,0,0,0,0,2,2,2,0,2,0,2,2,2,0,2,1,2,2
ID1304,1,1,1,1,0,0,1,1,1,1,1,1,1,1,1,1,1,0,1,1
ID1305,1,1,1,1,0,0,0,0,0,1,0,1,0,0,0,1,0,0,0,0
ID1306,0,0,0,0,0,0,2,2,2,0,2,0,2,2,2,0,2,0,2,2
ID1307,2,2,2,2,0,0,1,1,1,2,1,2,1,1,1,2,1,0,1,1
ID1308,0,0,0,0,0,0,0,0,0,0,0,0,0,0,0,0,0,0,0,0
ID1309,1,1,1,1,0,0,2,2,2,1,2,1,2,2,2,1,2,0,2,2
ID1310,0,0,0,0,0,0,1,1,1,0,1,0,1,1,1,0,1,0,1,1
ID1311,1,1,1,1,0,0,0,0,0,1,0,1,0,0,0,1,0,1,0,0
ID1312,0,0,0,0,0,0,1,1,1,0,1,0,1,1,1,0,1,1,1,1
ID1313,0,0,0,0,0,0,1,1,1,0,1,0,1,1,1,0,1,1,1,1
ID1314,0,0,0,0,0,0,1,1,1,0,1,0,1,1,1,0,1,0,1,1
ID1315,0,0,0,0,0,0,1,1,1,0,1,0,1,1,1,0,1,0,1,1
ID1316,1,1,1,1,0,0,1,1,1,1,1,1,1,1,1,1,1,0,1,1
ID1317,1,1,1,1,0,0,2,2,2,1,2,1,2,2,2,1,2,0,2,2
ID1318,1,1,1,1,0,0,2,2,2,1,2,1,2,2,2,1,2,0,2,2
ID1319,0,0,0,0,0,0,1,1,1,0,1,0,1,1,1,0,1,0,1,1
ID1320,1,1,1,1,0,0,1,1,1,1,1,1,1,1,1,1,1,0,1,1
ID1321,1,1,1,1,0,0,0,0,0,1,0,1,0,0,0,1,0,0,0,0
ID1322,0,0,0,0,0,0,2,2,2,0,2,0,2,2,2,0,2,0,2,2
ID1323,0,0,0,0,0,0,1,1,1,0,1,0,1,1,1,0,1,0,1,1
ID1324,1,1,1,1,0,0,1,1,1,1,1,1,1,1,1,1,1,0,1,1
ID1325,0,0,0,0,0,0,1,1,1,0,1,0,1,1,1,0,1,0,1,1
ID1326,2,2,2,2,0,0,0,0,0,2,0,2,0,0,0,2,0,0,0,0
ID1327,2,2,2,2,0,0,1,1,1,2,1,2,1,1,1,2,1,0,1,1
ID1328,1,1,1,1,0,0,1,1,1,1,1,1,1,1,1,1,1,0,1,1
ID1329,2,2,2,2,0,0,2,2,2,2,2,2,2,2,2,2,2,0,2,2
ID1330,2,2,2,2,0,0,1,1,1,2,1,2,1,1,1,2,1,1,1,1
ID1331,0,0,0,0,0,0,0,0,0,0,0,0,0,0,0,0,0,0,0,0
ID1332,1,1,1,1,0,0,1,1,1,1,1,1,1,1,1,1,1,1,1,1
ID1333,0,0,0,0,1,1,1,1,1,0,1,0,1,1,1,0,1,1,1,1
ID1334,1,1,1,1,0,0,1,1,1,1,1,1,1,1,1,1,1,1,1,1
ID1335,0,0,0,0,0,0,1,1,1,0,1,0,1,1,1,0,1,0,1,1
ID1336,0,0,0,0,0,0,2,2,2,0,2,0,2,2,2,0,2,1,2,2
ID1337,1,1,1,1,0,0,1,1,1,1,1,1,1,1,1,1,1,0,1,1
ID1338,0,0,0,0,0,0,1,1,1,0,1,0,1,1,1,0,1,1,1,1
ID1339,1,1,1,1,0,0,1,1,1,1,1,1,1,1,1,1,1,0,1,1
ID1340,1,1,1,1,0,0,1,1,1,1,1,1,1,1,1,1,1,0,1,1
ID1341,1,1,1,1,0,0,0,0,0,1,0,1,0,0,0,1,0,0,0,0
ID1342,2,2,2,2,0,0,0,0,0,2,0,2,0,0,0,2,0,1,0,0
ID1343,1,1,1,1,0,0,1,1,1,1,1,1,1,1,1,1,1,0,1,1
ID1344,1,1,1,1,0,0,0,0,0,1,0,1,0,0,0,1,0,0,0,0
ID1345,1,1,1,1,0,0,1,1,1,1,1,1,1,1,1,1,1,0,1,1
ID1346,0,0,0,0,0,0,1,1,1,0,1,0,1,1,1,0,1,0,1,1
ID1347,1,1,1,1,0,0,2,2,2,1,2,1,2,2,2,1,2,0,2,2
ID1348,1,1,1,1,0,0,2,2,2,1,2,1,2,2,2,1,2,1,2,2
ID1349,1,1,1,1,0,0,2,2,2,1,2,1,2,2,2,1,2,1,2,2
ID1350,1,1,1,1,0,0,0,0,0,1,0,1,0,0,0,1,0,0,0,0
ID1351,1,1,1,1,0,0,1,1,1,1,1,1,1,1,1,1,1,0,1,1
ID1352,1,1,1,1,0,0,2,2,2,1,2,1,2,2,2,1,2,0,2,2
ID1353,1,1,1,1,0,0,0,0,0,1,0,1,0,0,0,1,0,0,0,0
ID1354,0,0,0,0,0,0,2,2,2,0,2,0,2,2,2,0,2,0,2,2
ID1355,1,1,1,1,0,0,0,0,0,1,0,1,0,0,0,1,0,0,0,0
ID1356,1,1,1,1,0,0,0,0,0,1,0,1,0,0,0,1,0,0,0,0
ID1357,2,2,2,2,0,0,2,2,2,2,2,2,2,2,2,2,2,1,2,2
ID1358,0,0,0,0,1,1,1,1,1,0,1,0,1,1,1,0,1,1,1,1
ID1359,2,2,2,2,0,0,1,1,1,2,1,2,1,1,1,2,1,0,1,1
ID1360,1,1,1,1,0,0,0,0,0,1,0,1,0,0,0,1,0,0,0,0
ID1361,1,1,1,1,0,0,0,0,0,1,0,1,0,0,0,1,0,0,0,0
ID1362,2,2,2,2,0,0,1,1,1,2,1,2,1,1,1,2,1,0,1,1
ID1363,1,1,1,1,0,0,0,0,0,1,0,1,0,0,0,1,0,0,0,0
ID1364,0,0,0,0,0,0,0,0,0,0,0,0,0,0,0,0,0,0,0,0
ID1365,1,1,1,1,0,0,0,0,0,1,0,1,0,0,0,1,0,0,0,0
ID1366,1,1,1,1,0,0,1,1,1,1,1,1,1,1,1,1,1,0,1,1
ID1367,2,2,2,2,0,0,1,1,1,2,1,2,1,1,1,2,1,0,1,1
ID1368,1,1,1,1,0,0,1,1,1,1,1,1,1,1,1,1,1,0,1,1
ID1369,0,0,0,0,1,1,0,0,0,0,0,0,0,0,0,0,0,0,0,0
ID1370,2,2,2,2,0,0,1,1,1,2,1,2,1,1,1,2,1,1,1,1
ID1371,0,0,0,0,0,0,1,1,1,0,1,0,1,1,1,0,1,0,1,1
ID1372,1,1,1,1,0,0,1,1,1,1,1,1,1,1,1,1,1,1,1,1
ID1373,0,0,0,0,0,0,1,1,1,0,1,0,1,1,1,0,1,0,1,1
ID1374,2,2,2,2,0,0,1,1,1,2,1,2,1,1,1,2,1,2,1,1
ID1375,1,1,1,1,1,1,0,0,0,1,0,1,0,0,0,1,0,0,0,0
ID1376,1,1,1,1,0,0,1,1,1,1,1,1,1,1,1,1,1,0,1,1
ID1377,1,1,1,1,0,0,0,0,0,1,0,1,0,0,0,1,0,0,0,0
ID1378,1,1,1,1,0,0,1,1,1,1,1,1,1,1,1,1,1,0,1,1
ID1379,1,1,1,1,0,0,1,1,1,1,1,1,1,1,1,1,1,0,1,1
ID1380,0,0,0,0,0,0,1,1,1,0,1,0,1,1,1,0,1,0,1,1
ID1381,2,2,2,2,0,0,0,0,0,2,0,2,0,0,0,2,0,0,0,0
ID1382,2,2,2,2,0,0,0,0,0,2,0,2,0,0,0,2,0,2,0,0
ID1383,0,0,0,0,1,1,1,1,1,0,1,0,1,1,1,0,1,0,1,1
ID1384,1,1,1,1,0,0,2,2,2,1,2,1,2,2,2,1,2,0,2,2
ID1385,1,1,1,1,0,0,0,0,0,1,0,1,0,0,0,1,0,1,0,0
ID1386,0,0,0,0,1,1,1,1,1,0,1,0,1,1,1,0,1,0,1,1
ID1387,1,1,1,1,1,1,1,1,1,1,1,1,1,1,1,1,1,1,1,1
ID1388,1,1,1,1,0,0,1,1,1,1,1,1,1,1,1,1,1,1,1,1
ID1389,1,1,1,1,0,0,0,0,0,1,0,1,0,0,0,1,0,1,0,0
ID1390,0,0,0,0,0,0,2,2,2,0,2,1,2,2,2,0,2,0,2,2
ID1391,1,1,1,1,1,1,0,0,0,1,0,1,0,0,0,1,0,0,0,0
ID1392,1,2,2,2,0,0,2,2,2,2,2,2,2,2,2,2,2,0,2,2
ID1393,1,1,1,1,1,1,1,1,1,1,1,2,1,1,1,1,1,1,1,1
ID1394,1,1,1,1,0,0,0,0,0,1,0,1,0,0,0,1,0,0,0,0
ID1395,1,1,1,1,1,1,0,0,0,1,0,1,0,0,0,1,0,0,0,0
ID1396,1,1,1,1,0,0,2,2,2,1,2,1,2,2,2,1,2,0,2,2
ID1397,0,0,0,0,0,0,1,1,1,0,1,0,1,1,1,0,1,1,1,1
ID1398,1,1,1,1,0,0,1,1,1,1,1,1,1,1,1,1,1,0,1,1
ID1399,1,1,1,1,0,0,2,2,2,1,2,1,2,2,2,1,2,0,2,2
ID1400,1,1,1,1,0,0,1,1,1,1,1,1,1,1,1,1,1,1,1,1
ID1401,1,1,1,1,0,0,1,1,1,1,1,1,1,1,1,1,1,1,1,1
ID1402,1,1,1,1,0,0,1,1,1,1,1,1,1,1,1,1,1,0,1,1
ID1403,0,0,0,0,0,0,1,1,1,0,1,0,1,1,1,0,1,0,1,1
ID1404,1,1,1,1,0,0,0,0,0,1,0,1,0,0,0,1,0,0,0,0
ID1405,0,0,0,0,0,0,1,1,1,0,1,0,1,1,1,0,1,0,1,1
ID1406,1,1,1,1,0,0,1,1,1,1,1,1,1,1,1,1,1,0,1,1
ID1407,0,0,0,0,0,0,0,0,0,0,0,0,0,0,0,0,0,0,0,0
ID1408,0,0,0,0,0,0,0,0,0,0,0,0,0,0,0,0,0,0,0,0
ID1409,0,0,0,0,0,0,1,1,1,0,1,0,1,1,1,0,1,1,1,1
ID1410,1,1,1,1,0,0,0,0,0,1,0,1,0,0,0,1,0,0,0,0
ID1411,1,1,1,1,1,1,0,0,0,1,0,1,0,0,0,1,0,1,0,0
ID1412,0,0,0,0,0,0,2,2,2,0,2,0,2,2,2,0,2,1,2,2
ID1413,0,0,0,0,1,1,1,1,1,0,1,0,1,1,1,0,1,0,1,1
ID1414,1,1,1,1,0,0,0,0,0,1,0,1,0,0,0,1,0,0,0,0
ID1415,0,0,0,0,0,0,0,0,0,0,0,0,0,0,0,0,0,1,0,0
ID1416,1,1,1,1,0,0,2,2,2,1,2,1,2,2,2,1,2,1,2,2
ID1417,1,1,1,1,0,0,1,1,1,1,1,1,1,1,1,1,1,1,1,1
ID1418,1,1,1,1,0,0,1,1,1,1,1,1,1,1,1,1,1,0,1,1
ID1419,2,2,2,2,0,0,0,1,1,2,0,2,0,0,0,2,0,2,0,1
ID1420,0,0,0,0,0,0,1,1,1,0,1,0,1,1,1,1,1,0,1,1
ID1421,0,0,0,0,1,1,0,0,0,0,0,0,0,0,0,0,0,1,0,0
ID1422,0,0,0,0,1,1,0,0,0,0,0,0,0,0,0,0,0,0,0,0
ID1423,1,1,1,1,1,1,1,1,1,1,1,1,1,1,1,1,1,0,1,1
ID1424,0,0,0,0,0,0,1,1,1,0,1,0,1,1,1,0,1,1,1,1
ID1425,1,1,1,1,1,1,1,1,1,1,1,1,1,1,1,1,1,0,1,1
ID1426,1,1,1,1,1,1,1,1,1,1,1,1,1,1,1,1,1,0,1,1
ID1427,1,1,1,1,0,0,1,1,1,1,1,1,1,1,1,1,1,0,1,1
ID1428,1,1,1,1,0,0,1,1,1,1,1,1,1,1,1,1,1,1,1,1
ID1429,2,2,2,2,0,1,0,0,0,2,0,2,1,1,0,2,0,1,0,1
ID1430,0,0,0,0,0,0,1,1,1,0,1,0,1,1,1,0,1,1,1,1
ID1431,0,0,0,0,0,0,1,1,1,0,1,0,1,1,1,0,1,0,1,1
ID1432,0,0,0,0,0,0,1,1,1,0,1,0,1,1,1,0,1,0,1,1
ID1433,1,1,1,1,0,0,1,1,1,1,1,1,1,1,1,1,1,1,1,1
ID1434,2,2,2,2,0,0,1,1,1,2,1,2,1,1,1,2,1,0,1,1
ID1435,0,0,0,0,0,0,1,1,1,0,1,0,1,1,1,0,1,0,1,1
ID1436,0,0,0,0,0,0,1,1,1,0,1,0,1,1,1,0,1,0,1,1
ID1437,1,1,1,1,0,0,1,1,1,1,1,1,1,1,1,1,1,1,1,1
ID1438,1,1,1,1,1,1,0,0,0,1,0,1,0,0,0,1,0,0,0,0
ID1439,2,2,2,2,1,1,1,1,1,2,1,2,1,1,1,2,1,0,1,1
ID1440,1,1,1,1,0,0,2,2,2,1,2,1,2,2,2,1,2,0,2,2
ID1441,0,0,0,0,0,0,0,0,0,0,0,0,0,0,0,0,0,1,0,0
ID1442,1,1,1,1,0,0,0,0,0,1,0,1,0,0,0,1,0,0,0,0
ID1443,0,0,0,0,0,0,2,2,2,0,2,0,2,2,2,0,2,1,2,2
ID1444,2,2,2,2,1,1,0,0,0,2,0,2,0,0,0,2,0,0,0,0
ID1445,1,1,1,1,0,0,0,0,0,1,0,1,0,0,0,1,0,0,0,0
ID1446,2,2,2,2,0,0,1,1,1,2,1,2,1,1,1,2,1,0,1,1
ID1447,1,1,1,1,0,0,1,1,1,1,1,1,1,1,1,1,1,0,1,1
ID1448,1,1,1,1,0,0,2,2,2,1,2,1,2,2,2,1,2,0,2,2
ID1449,1,1,1,1,1,1,1,1,1,1,1,1,1,1,1,1,1,0,1,1
ID1450,1,1,1,1,0,0,1,1,1,1,1,1,1,1,1,1,1,0,1,1
ID1451,1,1,1,1,0,0,0,0,0,1,0,1,0,0,0,1,0,1,0,0
ID1452,0,0,0,0,1,1,0,0,0,0,0,0,0,0,0,0,0,0,0,0
ID1453,0,0,0,0,0,0,2,2,2,0,2,0,2,2,2,0,2,0,2,2
ID1454,1,1,1,1,0,0,1,1,1,1,1,1,1,1,1,1,1,0,1,1
ID1455,2,2,2,2,0,0,1,1,1,2,1,2,1,1,1,2,1,0,1,1
ID1456,0,0,0,0,0,0,0,0,0,0,0,0,0,0,0,0,0,0,0,0
ID1457,0,0,0,0,0,0,1,1,1,0,1,0,1,1,1,0,1,0,1,1
ID1458,1,1,1,1,0,0,1,1,1,1,1,1,1,1,1,1,1,0,1,1
ID1459,2,2,2,2,1,1,1,1,1,2,1,2,1,1,1,2,1,1,1,1
ID1460,1,1,1,1,0,0,1,1,1,1,1,1,1,1,1,1,1,1,1,1
ID1461,2,2,2,2,0,0,1,1,1,2,1,2,1,1,1,2,1,1,1,1
ID1462,1,1,1,1,0,0,0,0,0,1,0,1,0,0,0,1,0,1,0,0
ID1463,1,1,1,1,0,0,1,1,1,1,1,1,1,1,1,1,1,0,1,1
ID1464,1,1,1,1,0,0,2,2,2,1,2,1,2,2,2,1,2,1,2,2
ID1465,2,2,2,2,0,0,0,0,0,2,0,2,0,0,0,2,0,0,0,0
ID1466,1,1,1,1,0,0,0,0,0,1,0,1,0,0,0,1,0,0,0,0
ID1467,1,1,1,1,0,0,0,0,0,1,0,1,0,0,0,1,0,1,0,0
ID1468,1,1,1,1,0,0,0,0,0,1,0,1,0,0,0,1,0,1,0,0
ID1469,0,0,0,0,0,0,1,1,1,0,1,0,1,1,1,0,1,1,1,1
ID1470,2,2,2,2,0,0,0,0,0,2,0,2,0,0,0,2,0,0,0,0
ID1471,0,1,1,1,0,0,1,1,1,1,1,1,1,1,1,1,1,0,1,1
ID1472,1,1,1,1,0,0,1,1,1,1,1,1,1,1,1,1,1,0,1,1
ID1473,1,1,1,1,0,0,1,1,1,1,1,1,1,1,1,1,1,0,1,1
ID1474,2,2,2,2,0,0,0,0,0,2,0,2,0,0,0,2,0,1,0,0
ID1475,0,0,0,0,0,0,1,1,1,0,1,0,1,1,1,0,1,1,1,1
ID1476,0,0,0,0,0,0,1,1,1,0,1,0,1,1,1,0,1,0,1,1
ID1477,2,2,2,2,1,1,1,1,1,2,1,2,1,1,1,2,1,1,1,1
ID1478,0,0,0,0,0,0,0,0,0,0,0,0,0,0,0,0,0,0,0,0
ID1479,2,2,2,2,0,0,0,0,0,2,0,2,0,0,0,2,0,1,0,0
ID1480,2,2,2,2,0,0,0,0,0,2,0,2,0,0,0,2,0,0,0,0
ID1481,2,2,2,2,0,0,1,1,1,2,1,2,1,1,1,2,1,0,1,1
ID1482,0,0,0,0,0,0,1,1,1,0,1,0,1,1,1,0,1,0,1,1
ID1483,0,0,0,0,0,0,0,0,0,0,0,0,0,0,0,0,0,0,0,0
ID1484,2,2,2,2,0,0,1,1,1,2,1,2,1,1,1,2,1,0,1,1
ID1485,1,1,1,1,0,0,0,0,0,1,0,1,0,0,0,1,0,1,0,0
ID1486,2,2,2,2,1,1,0,0,0,2,0,2,0,0,0,2,0,1,0,0
ID1487,1,1,1,1,0,0,2,2,2,1,2,1,2,2,2,1,2,0,2,2
ID1488,1,1,1,1,0,0,0,0,0,1,0,1,0,0,0,1,0,0,0,0
ID1489,0,0,0,0,0,0,1,1,1,0,1,0,1,1,1,0,1,0,1,1
ID1490,2,2,2,2,0,0,0,0,0,2,0,2,0,0,0,2,0,0,0,0
ID1491,2,2,2,2,0,0,0,0,0,2,0,2,0,0,0,2,0,0,0,0
ID1492,1,1,1,1,0,0,1,1,1,1,1,1,1,1,1,1,1,2,1,1
ID1493,1,1,1,1,0,0,1,1,1,1,1,1,1,1,1,1,1,0,1,1
ID1494,1,1,1,1,0,0,0,0,0,1,0,1,0,0,0,1,0,0,0,0
ID1495,1,1,1,1,0,0,1,1,1,1,1,1,1,1,1,1,1,0,1,1
ID1496,1,1,1,1,1,1,1,1,1,1,1,1,1,1,1,1,1,1,1,1
ID1497,1,1,1,1,0,0,1,1,1,1,1,1,1,1,1,1,1,1,1,1
ID1498,1,1,1,1,0,0,1,1,1,1,1,1,1,1,1,1,1,0,1,1
ID1499,1,1,1,1,0,0,1,1,1,1,1,1,1,1,1,1,1,1,1,1
ID1500,1,1,1,1,0,0,2,2,2,1,2,1,2,2,2,1,2,0,2,2
ID1501,1,1,1,1,0,0,0,0,0,1,0,1,0,0,0,1,0,0,0,0
ID1502,1,1,1,1,0,0,0,0,0,1,0,1,0,0,0,1,0,1,0,0
ID1503,0,0,0,0,0,0,1,1,1,0,1,0,1,1,1,0,1,0,1,1
ID1504,0,0,0,0,1,1,0,0,0,0,0,0,0,0,0,0,0,0,0,0
ID1505,1,1,1,1,0,0,1,1,1,1,1,1,1,1,1,1,1,0,1,1
ID1506,2,2,2,2,0,0,0,0,0,2,0,2,0,0,0,2,0,1,0,0
ID1507,0,0,0,0,1,1,0,0,0,0,0,0,0,0,0,0,0,0,0,0
ID1508,1,1,1,1,0,0,1,1,1,1,1,1,1,1,1,1,1,1,1,1
ID1509,1,1,1,1,0,0,2,2,2,1,2,1,2,2,2,1,2,0,2,2
ID1510,0,0,0,0,0,0,1,1,1,0,1,0,1,1,1,0,1,0,1,1
ID1511,2,2,2,2,0,0,0,0,0,2,0,2,0,0,0,2,0,1,0,0
ID1512,2,2,2,2,1,1,1,1,1,2,1,2,1,1,1,2,1,2,1,1
ID1513,1,1,1,1,0,0,1,1,1,1,1,1,1,1,1,1,1,0,1,1
ID1514,1,1,1,1,0,0,0,0,0,1,0,1,0,0,0,1,0,0,0,0
ID1515,0,0,0,0,2,2,0,0,0,0,0,0,0,0,0,0,0,0,0,0
ID1516,1,1,1,1,0,0,2,2,2,1,2,1,2,2,2,1,2,0,2,2
ID1517,1,1,1,1,0,0,1,1,1,1,1,1,1,1,1,1,1,0,1,1
ID1518,1,1,1,1,0,0,1,1,1,1,1,1,1,1,1,1,1,0,1,1
ID1519,1,1,1,1,0,0,0,0,0,1,0,1,0,0,0,1,0,0,0,0
ID1520,1,1,1,1,0,0,0,0,0,1,0,1,0,0,0,1,0,0,0,0
ID1521,1,1,1,1,0,0,1,1,1,1,1,1,1,1,1,1,1,0,1,1
ID1522,1,1,1,1,0,0,0,0,0,1,0,1,0,0,0,1,0,0,0,0
ID1523,0,0,0,0,0,0,1,1,1,0,1,0,1,1,1,0,1,0,1,1
ID1524,1,1,1,1,0,0,1,1,1,1,1,1,1,1,1,1,1,0,1,1
ID1525,1,1,1,1,0,0,1,1,1,1,1,1,1,1,1,1,1,0,1,1
ID1526,0,0,0,0,0,0,0,0,0,0,0,0,0,0,0,0,0,1,0,0
ID1527,1,1,1,1,0,0,1,1,1,1,1,1,1,1,1,1,1,0,1,1
ID1528,0,0,0,0,0,0,0,0,0,0,0,0,0,0,0,0,0,0,0,0
ID1529,0,0,0,0,0,0,1,1,1,0,1,0,1,1,1,0,1,1,1,1
ID1530,1,1,1,1,0,0,1,1,1,1,1,1,1,1,1,1,1,0,1,1
ID1531,1,1,1,1,0,0,1,1,1,1,1,1,1,1,2,1,1,1,1,1
ID1532,2,2,2,2,0,0,1,1,1,2,1,2,1,1,1,2,1,1,1,1
ID1533,0,0,0,0,1,1,0,0,0,0,0,0,0,0,0,0,0,0,0,0
ID1534,1,1,1,1,0,0,0,0,0,1,0,1,0,0,0,1,0,1,0,0
ID1535,1,1,1,1,0,0,1,1,1,1,1,1,1,1,1,1,1,0,1,1
ID1536,1,1,1,1,0,0,2,2,2,1,2,1,2,2,2,1,2,2,2,2
ID1537,1,1,1,1,0,0,1,1,1,1,1,1,1,1,1,1,1,0,1,1
ID1538,1,1,1,1,0,0,1,1,1,1,1,1,1,1,1,1,1,2,1,1
ID1539,0,0,0,0,0,0,0,0,0,0,0,0,0,0,0,0,0,0,0,0
ID1540,1,1,1,1,1,1,1,1,1,1,1,1,1,1,1,1,1,1,1,1
ID1541,0,0,0,0,0,0,2,2,2,0,2,0,2,2,2,0,2,0,2,2
ID1542,1,1,1,1,0,0,1,1,1,1,1,1,1,1,1,1,1,0,1,1
ID1543,1,1,1,1,0,0,1,1,1,1,1,1,1,1,1,1,1,1,1,1
ID1544,0,0,0,0,0,0,0,0,0,0,0,0,0,0,0,0,0,1,0,0
ID1545,1,1,1,1,0,0,0,0,0,1,0,1,0,0,0,1,0,0,0,0
ID1546,1,1,1,1,0,0,0,0,0,1,0,1,0,0,0,1,0,1,0,0
ID1547,1,1,1,1,1,1,0,0,0,1,0,1,0,0,0,1,0,0,0,0
ID1548,1,1,1,1,0,0,1,1,1,1,1,1,1,1,1,1,1,0,1,1
ID1549,0,0,0,0,0,0,0,0,0,0,0,0,0,0,0,0,0,0,0,0
ID1550,1,1,1,1,0,0,0,0,0,1,0,1,0,0,0,1,0,1,0,0
ID1551,2,2,2,2,0,0,2,2,2,2,2,2,2,2,2,2,2,0,2,2
ID1552,1,1,1,1,0,0,2,2,2,1,2,1,2,2,2,1,2,1,2,2
ID1553,0,0,0,0,0,0,0,0,0,0,0,0,0,0,0,0,0,0,0,0
ID1554,1,1,1,1,0,0,1,1,2,1,1,1,1,2,1,1,1,1,1,1
ID1555,0,0,0,0,0,0,2,2,2,0,2,0,2,2,2,0,2,0,2,2
ID1556,2,2,2,2,0,0,0,0,1,2,0,2,0,1,0,2,0,0,0,1
ID1557,2,2,2,2,0,0,1,1,1,2,1,2,1,1,1,2,1,1,1,1
ID1558,0,0,0,0,0,0,1,1,1,0,1,0,1,1,1,0,1,0,1,1
ID1559,2,2,2,2,0,0,0,0,0,2,0,2,0,0,0,2,0,1,0,0
ID1560,1,1,1,1,0,0,0,0,0,1,0,1,0,0,0,1,0,0,0,0
ID1561,2,2,2,2,0,0,0,0,0,2,0,2,0,0,0,2,0,0,0,0
ID1562,1,1,1,1,0,0,1,1,1,1,1,1,1,1,1,1,1,1,1,1
ID1563,1,1,1,1,0,0,1,1,1,1,1,1,1,1,1,1,1,1,1,1
ID1564,1,1,1,1,0,0,0,0,0,1,0,1,0,0,0,1,0,0,0,0
ID1565,2,2,2,2,0,0,1,1,1,2,1,2,1,1,1,2,1,0,1,1
ID1566,1,1,1,1,0,0,1,1,1,1,1,1,1,1,1,1,1,0,1,1
ID1567,0,0,0,0,0,0,0,0,0,0,0,0,0,0,0,0,0,0,0,0
ID1568,1,1,1,1,0,0,0,0,0,1,0,1,0,0,0,1,0,0,0,0
ID1569,0,0,0,0,0,0,1,1,1,0,1,0,1,1,1,0,1,0,1,1
ID1570,0,0,0,0,0,0,0,0,0,0,0,0,0,0,0,0,0,0,0,0
ID1571,1,1,1,1,0,0,1,1,1,1,1,1,1,1,1,1,1,1,1,1
ID1572,0,0,0,0,0,0,1,1,1,0,1,0,1,1,1,0,1,0,1,1
ID1573,1,1,1,1,0,0,1,1,1,1,1,1,1,1,1,1,1,1,1,1
ID1574,2,2,2,2,0,0,0,0,0,2,0,2,0,0,0,2,0,1,0,0
ID1575,1,0,1,1,0,0,0,0,0,1,0,1,0,0,0,1,0,0,0,0
ID1576,1,1,1,1,0,0,1,1,1,1,1,1,1,1,1,1,1,0,1,1
ID1577,1,1,1,1,1,1,1,1,1,1,1,1,1,1,1,1,1,0,1,1
ID1578,2,2,2,2,0,0,0,0,0,2,0,2,0,0,0,2,0,1,0,0
ID1579,2,2,2,2,0,0,0,0,0,2,0,2,0,0,0,2,0,0,0,0
ID1580,1,1,1,1,0,0,1,1,1,1,1,1,1,1,1,1,1,0,1,1
ID1581,1,1,1,1,0,0,1,1,1,1,1,1,1,1,1,1,1,0,1,1
ID1582,1,1,1,1,0,0,0,0,0,1,0,1,0,0,0,1,0,0,0,0
ID1583,0,0,0,0,0,0,0,0,0,0,0,0,0,0,0,0,0,0,0,0
ID1584,0,0,0,0,0,0,1,1,1,0,1,0,1,1,1,0,1,0,1,1
ID1585,1,1,1,1,1,1,2,2,2,1,2,1,2,2,2,1,2,0,2,2
ID1586,0,0,0,0,0,0,1,1,1,0,1,0,1,1,1,0,1,0,1,1
ID1587,1,1,1,1,0,0,0,0,0,1,0,1,0,0,0,1,0,0,0,0
ID1588,0,0,0,0,0,0,1,1,1,0,1,0,1,1,1,0,1,1,1,1
ID1589,1,1,1,1,0,0,0,0,0,1,0,1,0,0,0,1,0,1,0,0
ID1590,1,1,1,1,0,0,1,1,1,1,1,1,1,1,1,1,0,0,0,1
ID1591,0,0,0,0,0,0,0,0,0,0,0,0,0,0,0,0,0,1,0,0
ID1592,2,2,2,2,0,0,0,0,0,2,0,2,0,0,0,2,0,0,0,0
ID1593,1,1,1,1,0,0,2,2,2,1,2,1,2,2,2,1,2,0,2,2
ID1594,0,0,0,0,0,0,0,0,0,0,0,0,0,0,0,0,0,0,0,0
ID1595,0,1,0,0,0,0,0,0,0,0,0,0,0,0,0,1,0,0,0,0
ID1596,2,2,2,2,0,0,1,1,1,2,1,2,1,1,1,2,1,0,1,1
ID1597,2,2,2,2,0,0,0,0,0,2,0,2,0,0,0,2,0,0,0,0
ID1598,0,0,0,0,0,0,0,0,0,0,0,0,0,0,0,0,0,1,0,0
ID1599,0,0,0,0,1,1,1,1,1,0,1,0,1,1,1,0,1,0,1,1
ID1600,1,1,1,1,0,0,0,0,0,1,0,1,0,0,0,1,0,0,0,0
ID1601,1,1,1,1,0,0,1,1,1,1,1,1,1,1,1,1,1,1,1,1
ID1602,0,0,0,0,0,0,1,1,1,0,1,0,1,1,1,0,1,1,1,1
ID1603,0,0,0,0,0,0,2,2,1,0,2,0,2,2,2,0,1,1,1,2
ID1604,1,1,1,1,0,0,0,0,0,1,0,1,0,0,0,1,0,0,0,0
ID1605,0,0,0,0,1,1,1,1,1,0,1,0,1,1,1,0,1,0,1,1
ID1606,2,2,2,2,0,0,0,0,0,2,0,2,0,0,0,2,0,0,0,0
ID1607,1,1,1,1,0,0,0,0,0,1,0,1,0,0,0,1,0,1,0,0
ID1608,0,0,0,0,0,0,0,0,0,0,0,0,0,0,0,0,0,0,0,0
ID1609,0,0,0,0,0,0,0,0,0,0,0,0,0,0,0,0,0,0,0,0
ID1610,2,2,2,2,0,0,1,1,1,2,1,2,1,1,1,2,1,0,1,1
ID1611,2,2,2,2,0,0,2,2,2,2,2,2,2,2,2,2,2,1,2,2
ID1612,1,1,1,1,0,0,0,0,0,1,0,1,0,0,0,1,0,0,0,0
ID1613,1,1,1,1,0,0,0,0,0,1,0,1,0,0,0,1,0,0,0,0
ID1614,2,2,2,2,2,2,0,0,0,2,0,2,0,0,0,2,0,0,0,0
ID1615,2,2,2,2,0,0,2,2,2,2,2,2,2,2,2,2,2,1,2,2
ID1616,0,0,0,0,0,0,1,1,1,0,1,0,1,1,1,0,1,0,1,1
ID1617,1,1,1,1,0,0,1,1,1,1,1,1,1,1,1,1,1,0,1,1
ID1618,1,1,1,1,0,0,0,0,0,1,0,1,0,0,0,1,0,1,0,0
ID1619,2,2,2,2,0,0,1,1,1,2,1,2,1,1,1,2,1,0,1,1
ID1620,0,0,0,0,0,0,0,0,0,0,0,0,0,0,0,0,0,0,0,0
ID1621,1,1,1,1,0,0,1,1,1,1,1,1,1,1,1,1,1,0,1,1
ID1622,0,0,0,0,1,1,1,1,1,0,1,0,1,1,1,0,1,0,1,1
ID1623,0,0,0,0,0,0,0,0,0,0,0,0,0,0,0,0,0,1,0,0
ID1624,1,1,1,1,0,0,0,0,0,1,0,1,0,0,1,1,0,1,0,0
ID1625,1,1,1,1,0,0,2,2,2,1,2,1,2,2,2,1,2,0,2,2
ID1626,1,2,1,2,1,1,1,1,1,1,1,2,1,1,1,2,1,1,1,1
ID1627,1,1,1,1,0,0,1,1,1,1,1,1,1,1,1,1,1,0,1,1
ID1628,1,1,1,1,1,1,0,0,0,1,0,1,0,0,0,1,0,0,0,0
ID1629,2,2,2,2,0,0,1,1,1,2,1,2,1,1,1,2,1,1,1,1
ID1630,1,1,1,1,0,0,2,2,2,1,2,1,2,2,2,1,2,1,2,2
ID1631,0,0,0,0,0,0,0,0,0,0,0,0,0,0,0,0,0,1,0,0
ID1632,0,0,0,0,1,1,1,1,1,0,1,0,1,1,1,0,1,1,1,1
ID1633,0,0,0,0,0,0,1,1,1,0,1,0,1,1,1,0,1,0,1,1
ID1634,1,1,1,1,0,0,0,0,0,1,0,2,0,0,0,1,0,0,0,0
ID1635,1,1,1,1,1,1,0,0,0,1,0,1,0,0,0,1,0,1,0,0
ID1636,1,1,1,1,1,1,1,1,1,1,1,1,2,2,1,1,1,0,1,2
ID1637,2,2,2,2,0,0,1,1,1,2,1,2,1,1,1,2,1,0,1,1
ID1638,0,0,0,0,0,0,0,0,0,0,0,0,0,0,0,0,0,0,0,0
ID1639,1,1,1,1,0,0,0,0,0,1,0,1,0,0,0,1,0,0,0,0
ID1640,1,1,1,1,0,0,0,0,0,1,0,1,0,0,0,1,0,0,0,0
ID1641,0,0,0,0,1,1,0,0,0,0,0,0,0,0,0,0,0,1,0,0
ID1642,1,1,1,1,0,0,0,0,0,1,0,1,0,0,0,1,0,0,0,0
ID1643,0,0,0,0,0,0,0,0,0,0,0,0,0,0,0,0,0,0,0,0
ID1644,1,1,1,1,1,1,0,0,0,1,0,1,0,0,0,1,0,0,0,0
ID1645,0,0,0,0,0,0,0,0,0,0,0,1,0,0,0,0,0,0,0,0
ID1646,1,1,1,1,0,0,1,1,1,1,1,1,1,1,1,1,1,1,1,1
ID1647,0,0,0,0,0,0,0,0,0,0,0,0,0,0,0,0,0,0,0,0
ID1648,2,2,2,2,0,0,2,2,2,2,2,2,2,2,2,2,2,0,2,2
ID1649,0,0,0,0,0,0,0,0,0,0,0,0,0,0,0,0,0,0,0,0
ID1650,0,0,0,0,0,0,0,0,0,0,0,0,0,0,0,0,0,1,0,0
ID1651,2,2,2,2,1,1,1,1,1,2,1,2,1,1,1,2,1,1,1,1
ID1652,2,2,2,2,0,0,0,0,0,2,0,2,0,0,0,2,0,1,0,0
ID1653,1,1,1,1,0,0,1,1,1,1,1,1,1,1,1,1,1,0,1,1
ID1654,1,1,1,1,0,0,1,1,1,1,1,1,1,1,1,1,1,1,1,1
ID1655,2,2,2,2,1,1,1,1,1,2,1,2,1,1,1,2,1,1,1,1
ID1656,0,0,0,0,0,0,1,1,1,0,1,0,1,1,1,0,1,0,1,1
ID1657,1,1,1,1,0,0,2,2,2,1,2,1,2,2,2,1,2,0,2,2
ID1658,1,1,1,1,0,0,0,0,0,1,0,1,0,0,0,1,0,1,0,0
ID1659,0,0,0,0,0,0,2,2,2,0,2,1,2,2,2,0,2,1,2,2
ID1660,1,1,1,1,1,1,0,0,0,1,0,1,0,0,0,1,0,0,0,0
ID1661,1,1,1,1,0,0,1,1,1,1,1,1,1,1,1,1,1,1,1,1
ID1662,2,2,2,2,1,1,0,0,0,2,0,2,0,0,0,2,0,0,0,0
ID1663,1,1,1,1,0,0,0,0,0,1,0,1,0,0,0,1,0,1,0,0
ID1664,0,0,0,0,1,1,2,2,2,0,2,0,2,2,2,0,2,0,2,2
ID1665,2,2,2,2,0,0,0,0,0,2,0,2,0,0,0,2,0,0,0,0
ID1666,0,0,0,0,0,0,0,0,0,0,0,0,0,0,0,0,0,0,0,0
ID1667,0,0,0,0,0,0,0,0,0,0,0,0,0,0,0,0,0,2,0,0
ID1668,2,2,2,2,0,0,1,1,1,2,1,2,1,1,1,2,1,0,1,1
ID1669,1,1,1,1,0,0,1,1,1,1,1,1,1,1,1,1,1,0,1,1
ID1670,0,0,0,0,0,0,1,1,1,0,1,0,1,1,1,0,1,0,1,1
ID1671,1,1,1,1,0,0,2,2,2,1,2,1,2,2,2,1,2,1,2,2
ID1672,1,1,1,1,0,0,1,1,1,1,1,1,1,1,1,1,1,0,1,1
ID1673,1,1,1,1,0,0,0,0,0,1,0,1,0,0,0,1,0,1,0,0
ID1674,1,1,1,1,0,0,1,1,1,1,1,1,1,1,1,1,1,1,1,1
ID1675,0,0,0,0,0,0,0,0,0,0,0,0,0,0,0,0,0,0,0,0
ID1676,0,0,0,0,1,1,0,0,0,0,0,0,0,0,0,0,0,0,0,0
ID1677,2,2,2,2,2,2,0,0,0,2,0,2,0,0,0,2,0,0,0,0
ID1678,0,0,0,0,1,1,0,0,0,0,0,0,0,0,0,0,0,0,0,0
ID1679,0,0,0,0,1,1,0,0,0,0,0,0,0,0,0,0,0,1,0,0
ID1680,1,1,1,1,0,0,0,0,0,1,0,1,0,0,0,1,0,1,0,0
ID1681,2,2,2,2,0,0,0,0,0,2,0,2,0,0,0,2,0,0,0,0
ID1682,0,0,0,0,0,0,0,0,0,0,0,0,0,0,0,0,0,0,0,0
ID1683,2,2,2,2,0,0,0,0,0,2,0,2,0,0,0,2,0,0,0,0
ID1684,2,2,2,2,1,1,1,1,1,2,1,2,1,1,1,2,1,2,1,1
ID1685,0,0,0,0,0,0,1,1,1,0,1,0,1,1,1,0,1,0,1,1
ID1686,1,1,1,1,0,0,1,1,1,1,1,1,1,1,1,1,1,0,1,1
ID1687,0,0,0,0,0,0,1,1,1,0,1,0,1,1,1,0,1,1,1,1
ID1688,2,2,2,2,1,1,0,0,0,2,0,2,0,0,0,2,0,0,0,0
ID1689,1,1,1,1,0,0,1,1,2,1,1,1,1,2,1,1,1,0,1,2
ID1690,2,2,2,2,0,0,0,0,0,2,0,2,0,0,0,2,0,0,0,0
ID1691,1,1,1,1,1,1,1,1,1,1,1,1,1,1,1,1,1,0,1,1
ID1692,2,2,2,2,0,0,1,1,1,2,1,2,1,1,1,2,1,0,1,1
ID1693,1,1,1,1,0,0,1,1,1,1,1,1,1,1,1,1,1,0,1,1
ID1694,1,1,1,1,0,0,2,2,2,1,2,2,2,2,2,1,2,0,2,2
ID1695,1,1,1,1,0,0,0,0,0,1,0,1,0,0,0,1,0,0,0,0
ID1696,2,2,2,2,0,0,0,0,0,2,0,2,0,0,0,2,0,0,0,0
ID1697,1,1,1,1,0,0,0,0,0,1,0,1,0,0,0,1,0,1,0,0
ID1698,2,2,2,2,1,1,0,0,0,2,0,2,0,0,0,2,0,0,0,0
ID1699,1,1,1,1,0,0,1,1,1,1,1,1,1,1,1,1,1,2,1,1
ID1700,0,0,0,0,0,0,1,1,1,0,1,0,1,1,1,0,1,1,1,1
ID1701,2,2,2,2,1,1,1,1,1,2,1,2,1,1,1,2,1,0,1,1
ID1702,0,0,0,0,1,1,2,2,2,0,2,0,2,2,2,0,2,0,2,2
ID1703,0,0,0,0,0,0,1,1,1,0,1,0,1,1,1,0,1,0,1,1
ID1704,1,1,1,1,0,0,1,1,1,1,1,1,1,1,1,1,1,1,1,1
ID1705,0,0,0,0,0,0,1,1,1,0,1,0,1,1,1,0,1,1,1,1
ID1706,0,0,0,0,0,0,0,0,0,0,0,0,0,0,0,0,0,0,0,0
ID1707,1,1,1,1,1,1,0,0,0,1,0,1,0,0,0,1,0,0,0,0
ID1708,0,0,0,0,1,1,1,1,1,0,1,0,1,1,1,0,1,0,1,1
ID1709,0,0,0,0,0,0,2,2,2,0,2,0,2,2,2,0,2,0,2,2
ID1710,0,0,0,0,0,0,1,1,1,0,1,0,1,1,1,0,1,0,1,1
ID1711,2,2,2,2,1,1,1,1,1,2,1,2,1,1,1,2,1,0,1,1
ID1712,1,1,1,1,1,1,0,0,0,1,0,1,0,0,0,1,0,0,0,0
ID1713,0,0,0,0,0,0,0,0,0,0,0,0,0,0,0,0,0,1,0,0
ID1714,2,2,2,2,0,0,0,0,0,2,0,2,0,0,0,2,0,1,0,0
ID1715,1,1,1,1,0,0,0,0,0,1,0,1,0,0,0,1,0,1,0,0
ID1716,0,0,0,0,0,0,0,0,0,0,0,0,0,0,0,0,0,0,0,0
ID1717,2,2,2,2,0,0,1,1,1,2,1,2,1,1,1,2,1,1,1,1
ID1718,1,2,1,1,0,0,1,1,1,1,1,1,1,1,1,2,1,0,1,1
ID1719,0,0,0,0,0,0,0,0,0,0,0,0,0,0,0,0,0,0,0,0
ID1720,0,0,0,0,0,0,2,2,2,0,2,0,2,2,2,0,2,1,2,2
ID1721,1,1,1,1,0,0,1,1,1,1,1,1,1,1,1,1,1,0,1,1
ID1722,0,0,0,0,0,0,1,1,1,0,1,0,1,1,1,0,1,0,1,1
ID1723,1,1,1,1,0,0,1,1,1,1,1,1,1,1,1,1,1,0,1,1
ID1724,1,1,1,1,1,1,0,0,0,1,0,1,0,0,0,1,0,0,0,0
ID1725,1,1,1,1,1,1,2,2,2,1,2,1,2,2,2,1,2,1,2,2
ID1726,0,0,0,0,0,0,1,1,1,0,1,0,1,1,1,0,1,0,1,1
ID1727,1,1,1,1,1,1,0,0,0,1,0,1,0,0,0,1,0,1,0,0
ID1728,1,1,1,1,1,1,0,0,0,1,0,1,0,0,0,1,0,0,0,0
ID1729,2,2,2,2,0,0,1,1,1,2,1,2,1,1,1,2,1,1,1,1
ID1730,1,1,1,1,0,0,0,0,0,1,0,1,0,0,0,1,0,1,0,0
ID1731,1,1,1,1,0,0,0,0,0,1,0,1,0,0,0,1,0,0,0,0
ID1732,1,1,1,1,0,0,0,0,0,1,0,1,0,0,0,1,0,0,0,0
ID1733,1,1,1,1,0,0,2,2,2,1,2,1,2,2,2,1,2,1,2,2
ID1734,0,0,0,0,0,0,0,0,0,0,0,0,1,1,0,0,0,1,0,1
ID1735,0,0,0,0,0,0,0,0,0,0,0,0,0,0,0,0,0,0,0,0
ID1736,0,0,0,0,0,0,0,0,0,0,0,0,0,0,0,0,0,0,0,0
ID1737,2,2,2,2,0,0,1,1,1,2,1,2,1,1,1,2,1,0,1,1
ID1738,1,1,1,1,1,1,0,0,0,1,0,1,0,0,0,1,0,0,0,0
ID1739,0,0,0,0,1,1,1,1,1,0,1,0,1,1,1,0,1,1,1,1
ID1740,1,1,1,1,1,1,0,0,0,1,0,1,0,0,0,1,0,0,0,0
ID1741,1,1,1,1,0,0,1,1,1,1,1,1,1,1,1,1,1,1,1,1
ID1742,0,0,0,0,0,0,1,1,2,0,1,0,1,2,1,0,1,0,1,2
ID1743,1,1,1,1,0,0,0,0,0,1,0,1,0,0,0,1,0,1,0,0
ID1744,1,1,1,1,0,0,0,0,0,1,0,1,0,0,0,1,0,0,0,0
