,Chr,Variant_ID,Variant_Pos,Alt_allele,Ref_allele,Ensembl_ID,Gene_symbol,Gene_start,Gene_end,r_dis,Pval_dis,FDR,r_rep,Pval_rep,Interaction_Pval_dis,Interaction_Pval_rep,Interaction_FDR,PVE_dis,PVE_rep,b20,b21,b22,b23,b10,b11,b12,b13,b00,b01,b02,b03
rs7252798_ENSG00000268117.1,19,rs7252798,21725251,T,C,ENSG00000268117.1,VN1R84P,15827045,15835853,0.36,1.261569e-123,3.429947e-116,0.04,1.117784e-302,0.07156264,0.4900347,0.5221445,0.6122516,0.5621443,6.493714,1.870734,-1.87639,0.3994095,5.56629,0.9331745,-0.9459452,0.1887432,-4.179329,-1.198999,1.102402,-0.2155791
rs61037485_ENSG00000268117.1,19,rs61037485,21741387,T,A,ENSG00000268117.1,VN1R84P,15827045,15835853,0.36,2.091548e-123,3.429947e-116,0.08,1.167878e-291,0.07551649,0.5562015,0.5349245,0.6112687,0.5591372,6.488156,1.854058,-1.859457,0.3951745,5.570219,0.9467496,-0.9589175,0.1917835,-4.16244,-1.199205,1.102841,-0.2157018
rs35717293_ENSG00000268117.1,19,rs35717293,21729953,A,G,ENSG00000268117.1,VN1R84P,15827045,15835853,0.37,2.398617e-123,3.429947e-116,0.08,1.167878e-291,0.07374462,0.5562015,0.5293582,0.6115548,0.5593962,6.491735,1.850993,-1.864185,0.3969554,5.570723,0.9513867,-0.9594952,0.1914348,-4.166946,-1.20331,1.10649,-0.216384
rs71309635_ENSG00000268117.1,19,rs71309635,21731271,TAGGTAAA,T,ENSG00000268117.1,VN1R84P,15827045,15835853,0.37,2.650956e-123,3.429947e-116,0.05,1.357593e-300,0.06954246,0.5002264,0.5141459,0.6104901,0.5596935,6.496155,1.850549,-1.885378,0.4048139,5.56972,0.9551551,-0.9573308,0.1901395,-4.099194,-1.199715,1.103004,-0.2156393
rs55704964_ENSG00000123838.10,1,rs55704964,207100147,A,G,ENSG00000123838.10,C4BPA,180736405,180736703,0.35,4.27350056350431e-123,4.7393841028857695e-116,0.44,5.0999883606926e-185,0.194945009790621,0.613564517261457,0.804432514723626,0.458138669785586,0.495670966933874,4.39299386653644,-3.92890313069081,3.9543786029316,-0.873077213217232,3.14474249265819,0.404005371396922,-0.446764851878852,0.103331067509972,-1.08651595796145,-0.0032477529967553,0.0162663795168896,-0.0052641424909133
rs77660718_ENSG00000123838.10,1,rs77660718,207102602,T,A,ENSG00000123838.10,C4BPA,180736405,180736703,0.35,8.09619479519357e-122,7.85646434205676e-115,0.44,5.0999883606926e-185,0.20040218772755,0.613564517261457,0.810896506804906,0.467892311118306,0.495060328853394,4.43680205936174,-3.92806836240323,3.97277327083071,-0.878095898394144,3.13097086431335,0.401868228062422,-0.43012722350363,0.0977427420753223,-1.03905411258221,-0.0146661894090459,0.0285615249636507,-0.0078061943218967
rs188012944_ENSG00000239793.1,4,rs188012944,78717583,C,T,ENSG00000239793.1,AC098818.1,10351440,10352752,0.34,5.525911e-121,3.574858e-114,0.05,8.385388e-237,0.175823,0.0938498,0.783217,0.5457239,0.4284471,-5.475261,1.667654,-0.9850691,0.1613475,-0.8784194,0.1198809,0.03003744,-0.02236065,1.775898,-0.2064046,0.1072909,-0.01655553
rs1469289_ENSG00000239793.1,4,rs1469289,78713010,A,G,ENSG00000239793.1,AC098818.1,10351440,10352752,0.34,1.066474e-120,5.519442e-114,0.05,4.7086709999999995e-236,0.1660009,0.1906292,0.7671019,0.5448766,0.4200469,-5.475353,1.678391,-0.9859913,0.1604194,-0.8733548,0.1369891,0.0285887,-0.02385388,1.770629,-0.2152674,0.1055636,-0.01497275
rs7699519_ENSG00000239793.1,4,rs7699519,78706323,C,T,ENSG00000239793.1,AC098818.1,10351440,10352752,0.34,3.709736e-120,1.799945e-113,0.06,6.120052e-234,0.1453817,0.09957655,0.7274328,0.5439126,0.4274071,-5.477955,1.667434,-0.9635224,0.1531869,-0.8450856,0.1143173,0.0658679,-0.0352952,1.836223,-0.2043031,0.08433288,-0.008009643
rs4338909_ENSG00000268117.1,19,rs4338909,21739834,T,G,ENSG00000268117.1,VN1R84P,15827045,15835853,0.38,1.1710590000000001e-119,5.347687e-113,0.08,1.167878e-291,0.08193341,0.5562015,0.5574275,0.6077768,0.5404369,6.367334,1.810313,-1.826628,0.3895779,5.484501,0.9468212,-0.9561086,0.191364,-4.171413,-1.203455,1.105479,-0.2166158
rs139184593_ENSG00000239793.1,4,rs139184593,78717004,G,A,ENSG00000239793.1,AC098818.1,10351440,10352752,0.35,2.65392e-117,1.144594e-110,0.05,8.385388e-237,0.1863041,0.0938498,0.7923161,0.5425548,0.4191795,-5.414247,1.668121,-0.9943098,0.1635154,-0.8707456,0.140329,0.009378125,-0.01761387,1.74701,-0.2119668,0.1101499,-0.017064
rs6511291_ENSG00000268117.1,19,rs6511291,21767600,T,C,ENSG00000268117.1,VN1R84P,15827045,15835853,0.39,6.641666e-116,2.713686e-109,0.13,3.683488e-271,0.1060175,0.4991185,0.631622,0.5930041,0.549373,6.441492,1.761053,-1.727614,0.3610847,5.458585,0.8427295,-0.7769863,0.1427827,-3.864306,-1.131847,0.9882928,-0.1850831
rs28888538_ENSG00000239793.1,4,rs28888538,78715827,T,C,ENSG00000239793.1,AC098818.1,10351440,10352752,0.36,8.042555999999999e-115,3.121765e-108,0.05,8.385388e-237,0.1638893,0.0938498,0.7624087,0.5397641,0.4177276,-5.419852,1.689029,-1.000572,0.1644878,-0.867945,0.1240789,0.02304933,-0.02110642,1.82284,-0.2087175,0.1093588,-0.01669411
rs151212648_ENSG00000239793.1,4,rs151212648,78717251,G,A,ENSG00000239793.1,AC098818.1,10351440,10352752,0.37,2.623925e-114,9.699922999999999e-108,0.06,6.120052e-234,0.1424152,0.09957655,0.7205635,0.5388379,0.4172558,-5.421975,1.678589,-0.9787313,0.1573778,-0.8384419,0.1019524,0.06083829,-0.03276697,1.883924,-0.1972851,0.08717893,-0.009475714
rs28453237_ENSG00000239793.1,4,rs28453237,78719923,C,A,ENSG00000239793.1,AC098818.1,10351440,10352752,0.36,1.02276e-113,3.609004e-107,0.17,3.261501e-197,0.217633,0.1709996,0.8382071,0.5298388,0.4345384,-5.356382,1.577074,-0.9214027,0.1511441,-0.8581659,0.1251831,0.03306896,-0.02456829,1.687895,-0.194846,0.0907043,-0.01230401
rs56168029_ENSG00000268117.1,19,rs56168029,21760075,G,A,ENSG00000268117.1,VN1R84P,15827045,15835853,0.4,4.264458e-113,1.439369e-106,0.16,6.13021e-263,0.07944083,0.5502679,0.5485335,0.5919793,0.543192,6.464172,1.856935,-1.872402,0.3986201,5.475929,0.9534938,-0.9613198,0.1914397,-4.21029,-1.204057,1.10931,-0.2170525
rs4472162_ENSG00000239793.1,4,rs4472162,78705006,A,T,ENSG00000239793.1,AC098818.1,10351440,10352752,0.38,5.905576e-111,1.348676e-104,0.05,1.385373e-235,0.1175564,0.1943142,0.6625429,0.5238026,0.4143568,-5.432596,1.865343,-1.210766,0.2155953,-0.9005392,0.08123679,0.09298875,-0.03938784,1.592526,-0.2097843,0.1002044,-0.01378755
rs4394214_ENSG00000274256.1,6,rs4394214,41218588,G,T,ENSG00000274256.1,AL391903.2,52588505,52597345,0.39,7.470331e-111,1.348676e-104,0.08,3.144405e-282,0.141653,0.7362746,0.7185937,0.535015,0.5737453,7.683185,0.6272989,-1.744013,0.4792304,6.284297,-0.6060945,-0.1195635,0.08661239,-3.525209,0.03722028,0.3111708,-0.1053093
rs7694971_ENSG00000239793.1,4,rs7694971,78708196,T,G,ENSG00000239793.1,AC098818.1,10351440,10352752,0.38,8.702353999999999e-111,1.428838e-104,0.05,1.385373e-235,0.1160729,0.1943142,0.6585959,0.5234787,0.4133103,-5.427689,1.874257,-1.217515,0.2169747,-0.897167,0.0931045,0.08419575,-0.03770924,1.57917,-0.2134712,0.1025624,-0.01429445
rs1469290_ENSG00000239793.1,4,rs1469290,78711421,A,G,ENSG00000239793.1,AC098818.1,10351440,10352752,0.38,9.202732999999999e-111,1.428838e-104,0.05,9.140234999999999e-235,0.1421681,0.1743563,0.7197185,0.5347912,0.3999366,-5.3633,1.690593,-0.9904013,0.1589574,-0.8315348,0.1399864,0.03715122,-0.02910969,1.844882,-0.2140344,0.09118476,-0.009029726
